,az_start,data_type,fch1,foff,ibeam,machine_id,nbeams,nbits,nchans,nifs,rawdatafile,source_name,src_dej,src_raj,telescope_id,tsamp,tstart,za_start
0,0.0,1,11251.464842353016,-2.7939677238464355e-06,,20,,32,1342177280,1,,3C147,49d51m03.96s,5h42m36.768s,6,18.253611008,58806.077002314814,0.0
1,0.0,1,11251.463413238525,-0.00286102294921875,,20,,32,1310720,1,,3C147,49d51m03.96s,5h42m36.768s,6,1.0737418239999998,58806.077002314814,0.0
2,0.0,1,3151.464842353016,-2.7939677238464355e-06,,20,,32,536870912,1,,3C353,0d01m08.04s,17h20m29.496s,6,18.253611008,58845.601747685185,0.0
3,0.0,1,8438.96484375,-0.3662109375,,20,,32,13312,1,,3C147,49d51m51.84s,5h42m33.096s,6,0.000349525333333333,58921.72145833333,0.0
4,0.0,1,11251.464842353016,-2.7939677238464355e-06,,20,,32,1342177280,1,,3C48,34d08m57.48s,1h37m46.56s,6,18.253611008,58570.735439814816,0.0
5,0.0,1,11251.464842353016,-2.7939677238464355e-06,,20,,32,1342177280,1,,PSR_B0355+54,54d12m46.8s,3h58m55.368s,6,18.253611008,58532.67306712963,0.0
6,0.0,1,3151.464842353016,-2.7939677238464355e-06,,20,,32,536870912,1,,3C286,31d30m06.48s,13h31m05.568s,6,18.253611008,58743.90660879629,0.0
7,0.0,1,8438.78173828125,-0.3662109375,0.0,10,0.0,8,13312,1,,3C147,49d51m10.08s,5h42m36.024s,6,0.0003495253333333333,58692.79215277778,0.0
8,0.0,1,8438.964842353016,-2.7939677238464355e-06,,20,,32,1744830464,1,,3C295,53d10m19.92s,14h11m09.264s,6,18.253611008,58642.0240162037,0.0
9,0.0,1,11251.463413238525,-0.00286102294921875,,20,,32,1310720,1,,3C48,34d08m57.48s,1h37m46.56s,6,1.0737418239999998,58570.735439814816,0.0
10,0.0,1,8438.963413238525,-0.00286102294921875,,20,,32,1703936,1,,3C295,52d14m00.24s,14h11m41.16s,6,1.0737418239999998,58642.02233796296,0.0
11,0.0,1,11251.464842353016,-2.7939677238464355e-06,,20,,32,1342177280,1,,3C147,50d50m59.64s,5h42m42.912s,6,18.253611008,58806.07861111111,0.0
12,0.0,1,11251.28173828125,-0.3662109375,0.0,10,0.0,8,10240,1,,3C48,33d09m43.2s,1h37m40.872s,6,0.0003495253333333333,58570.73368055555,0.0
13,0.0,1,11251.28173828125,-0.3662109375,0.0,10,0.0,8,10240,1,,3C48,34d08m57.48s,1h37m46.56s,6,0.0003495253333333333,58570.735439814816,0.0
14,0.0,1,8438.78173828125,-0.3662109375,0.0,10,0.0,8,13312,1,,3C147,49d51m04.68s,5h42m36.048s,6,0.0003495253333333333,58692.773981481485,0.0
15,0.0,1,8438.964842353016,-2.7939677238464355e-06,,20,,32,1744830464,1,,3C295,52d14m03.12s,14h11m15.768s,6,18.253611008,58667.34997685185,0.0
16,0.0,1,8438.78173828125,-0.3662109375,0.0,10,0.0,8,13312,1,,PSR_B2021+51,51d55m00.12s,20h23m03.264s,6,0.0003495253333333333,58667.1541087963,0.0
17,0.0,1,8438.78173828125,-0.3662109375,,20,,32,13312,1,,PSR_B2021+51,51d54m57.24s,20h23m03.624s,6,0.0003495253333333333,58737.94384259259,0.0
18,0.0,1,11251.28173828125,-0.3662109375,,20,,32,10240,1,,3C196,49d13m02.28s,8h13m36.072s,6,0.0003495253333333333,58734.767847222225,0.0
19,0.0,1,11251.464842353016,-2.7939677238464355e-06,,20,,32,-536870912,1,,PSR_B0950+08,4d29m24.72s,11h13m30.288s,6,18.253611008,58616.057662037034,0.0
20,0.0,1,11251.463413238525,-0.00286102294921875,,20,,32,1310720,1,,3C196,49d13m02.28s,8h13m36.072s,6,1.0737418239999998,58734.767847222225,0.0
21,0.0,1,11251.28173828125,-0.3662109375,0.0,10,0.0,8,10240,1,,3C147,49d51m06.48s,5h42m36.072s,6,0.0003495253333333333,58779.15831018519,0.0
22,0.0,1,8438.78173828125,-0.3662109375,,20,,32,13312,1,,3C295,52d12m09s,14h11m20.568s,6,0.0003495253333333333,58702.18717592592,0.0
23,0.0,1,11251.28173828125,-0.3662109375,0.0,10,0.0,8,10240,1,,3C147,49d51m03.96s,5h42m36.768s,6,0.0003495253333333333,58806.077002314814,0.0
24,0.0,1,8438.963413238525,-0.00286102294921875,,20,,32,1703936,1,,3C295,52d12m09s,14h11m20.568s,6,1.0737418239999998,58702.18717592592,0.0
25,0.0,1,8438.96484375,-0.00286102294921875,,20,,32,1703936,1,,3C147,49d51m51.84s,5h42m33.096s,6,1.073741823999999,58921.72145833333,0.0
26,0.0,1,3151.28173828125,-0.3662109375,,20,,32,4096,1,,3C295,52d11m38.76s,14h11m19.104s,6,0.0003495253333333333,58616.448854166665,0.0
27,0.0,1,8438.964842353016,-2.7939677238464355e-06,,20,,32,1744830464,1,,3C286,31d29m54.24s,13h31m01.872s,6,18.253611008,58733.95710648148,0.0
28,0.0,1,3151.464842353016,-2.7939677238464355e-06,,20,,32,536870912,1,,PSR_B2021+51,51d54m48.96s,20h22m49.704s,6,18.253611008,58743.91260416667,0.0
29,0.0,1,3151.464842353016,-2.7939677238464355e-06,,20,,32,536870912,1,,3C286,30d30m48.6s,13h31m06.912s,6,18.253611008,58743.90497685185,0.0
30,0.0,1,8438.964842353016,-2.7939677238464355e-06,,20,,32,1744830464,1,,3C147,50d50m55.68s,5h42m32.544s,6,18.253611008,58692.775613425925,0.0
31,0.0,1,8438.963413238525,-0.00286102294921875,,20,,32,1703936,1,,3C147,50d50m55.68s,5h42m32.544s,6,1.0737418239999998,58692.775613425925,0.0
32,0.0,1,8438.78173828125,-0.3662109375,0.0,10,0.0,8,13312,1,,3C147,50d50m55.68s,5h42m32.544s,6,0.0003495253333333333,58692.775613425925,0.0
33,0.0,1,8438.963413238525,-0.00286102294921875,,20,,32,1703936,1,,3C295,52d17m26.88s,14h11m17.472s,6,1.0737418239999998,58702.25212962963,0.0
34,0.0,1,8438.964842353016,-2.7939677238464355e-06,,20,,32,1744830464,1,,3C286,30d30m48.96s,13h31m10.944s,6,18.253611008,58734.93146990741,0.0
35,0.0,1,8438.78173828125,-0.3662109375,,20,,32,13312,1,,3C286,31d29m54.24s,13h31m01.872s,6,0.0003495253333333333,58733.95710648148,0.0
36,0.0,1,8438.964842353016,-2.7939677238464355e-06,,20,,32,1744830464,1,,3C295,53d12m14.4s,14h11m22.008s,6,18.253611008,58702.188784722224,0.0
37,0.0,1,8438.963413238525,-0.00286102294921875,,20,,32,1703936,1,,3C286,31d29m54.24s,13h31m01.872s,6,1.0737418239999998,58733.95710648148,0.0
38,0.0,1,8438.96484375,-2.7939677238464355e-06,,20,,32,1744830464,1,,3C147,50d51m06.48s,5h42m36s,6,18.253611007999982,58921.72454861111,0.0
39,0.0,1,8438.78173828125,-0.3662109375,,20,,32,13312,1,,3C295,53d10m19.92s,14h11m09.264s,6,0.0003495253333333333,58642.0240162037,0.0
40,0.0,1,8438.963413238525,-0.00286102294921875,,20,,32,1703936,1,,3C295,53d10m19.92s,14h11m09.264s,6,1.0737418239999998,58642.0240162037,0.0
41,0.0,1,11251.28173828125,-0.3662109375,,20,,32,10240,1,,3C286,30d31m50.16s,13h31m18.192s,6,0.0003495253333333333,58623.22162037037,0.0
42,0.0,1,11251.463413238525,-0.00286102294921875,,20,,32,1310720,1,,3C147,50d50m59.64s,5h42m42.912s,6,1.0737418239999998,58806.07861111111,0.0
43,0.0,1,8438.78173828125,-0.3662109375,,20,,32,13312,1,,3C295,52d14m03.12s,14h11m15.768s,6,0.0003495253333333333,58667.34997685185,0.0
44,0.0,1,11251.28173828125,-0.3662109375,0.0,10,0.0,8,10240,1,,3C147,50d50m59.64s,5h42m42.912s,6,0.0003495253333333333,58806.07861111111,0.0
45,0.0,1,8438.963413238525,-0.00286102294921875,,20,,32,1703936,1,,3C295,52d14m03.12s,14h11m15.768s,6,1.0737418239999998,58667.34997685185,0.0
46,0.0,1,8438.78173828125,-0.3662109375,,20,,32,13312,1,,3C286,30d30m48.96s,13h31m10.944s,6,0.0003495253333333333,58734.93146990741,0.0
47,0.0,1,8438.963413238525,-0.00286102294921875,,20,,32,1703936,1,,3C286,30d30m48.96s,13h31m10.944s,6,1.0737418239999998,58734.93146990741,0.0
48,0.0,1,8438.78173828125,-0.3662109375,,20,,32,13312,1,,3C295,53d12m14.4s,14h11m22.008s,6,0.0003495253333333333,58702.188784722224,0.0
49,0.0,1,8438.96484375,-0.3662109375,,20,,32,13312,1,,3C147,50d51m06.48s,5h42m36s,6,0.000349525333333333,58921.72454861111,0.0
50,0.0,1,8438.963413238525,-0.00286102294921875,,20,,32,1703936,1,,3C295,53d12m14.4s,14h11m22.008s,6,1.0737418239999998,58702.188784722224,0.0
51,0.0,1,8438.96484375,-0.00286102294921875,,20,,32,1703936,1,,3C147,50d51m06.48s,5h42m36s,6,1.073741823999999,58921.72454861111,0.0
52,0.0,1,11251.28173828125,-0.3662109375,,20,,32,28672,1,,PSR_B0950+08,4d29m24.72s,11h13m30.288s,6,0.0003495253333333333,58616.057662037034,0.0
53,0.0,1,11251.463413238525,-0.00286102294921875,,20,,32,3670016,1,,PSR_B0950+08,4d29m24.72s,11h13m30.288s,6,1.0737418239999998,58616.057662037034,0.0
54,0.0,1,11251.28173828125,-0.3662109375,0.0,10,0.0,8,28672,1,,PSR_B0950+08,4d29m24.72s,11h13m30.288s,6,0.0003495253333333333,58616.057662037034,0.0
55,0.0,1,8438.964842353016,-2.7939677238464355e-06,,20,,32,1744830464,1,,3C286,31d30m32.4s,13h31m08.208s,6,18.253611008,58733.95861111111,0.0
56,0.0,1,11251.464842353016,-2.7939677238464355e-06,,20,,32,1342177280,1,,3C147,50d51m07.2s,5h42m36.096s,6,18.253611008,58806.08013888889,0.0
57,0.0,1,11251.463413238525,-0.00286102294921875,,20,,32,1310720,1,,3C147,50d51m07.2s,5h42m36.096s,6,1.0737418239999998,58806.08013888889,0.0
58,0.0,1,3151.464842353016,-2.7939677238464355e-06,,20,,32,536870912,1,,3C295,52d11m38.76s,14h11m19.104s,6,18.253611008,58616.448854166665,0.0
59,0.0,1,11251.28173828125,-0.3662109375,0.0,10,0.0,8,10240,1,,3C147,50d51m07.2s,5h42m36.096s,6,0.0003495253333333333,58806.08013888889,0.0
60,0.0,1,8438.78173828125,-0.3662109375,,20,,32,13312,1,,3C295,53d10m23.16s,14h11m10.2s,6,0.0003495253333333333,58642.30260416667,0.0
61,0.0,1,8438.964842353016,-2.7939677238464355e-06,,20,,32,1744830464,1,,3C295,53d10m16.68s,14h11m18.216s,6,18.253611008,58667.3515625,0.0
62,0.0,1,3151.4634132385254,-0.00286102294921875,,20,,32,524288,1,,3C295,52d11m38.76s,14h11m19.104s,6,1.0737418239999998,58616.448854166665,0.0
63,0.0,1,8438.964842353016,-2.7939677238464355e-06,,20,,32,1744830464,1,,3C286,31d30m25.2s,13h31m08.664s,6,18.253611008,58734.93311342593,0.0
64,0.0,1,8438.78173828125,-0.3662109375,,20,,32,13312,1,,3C286,31d30m32.4s,13h31m08.208s,6,0.0003495253333333333,58733.95861111111,0.0
65,0.0,1,8438.963413238525,-0.00286102294921875,,20,,32,1703936,1,,3C286,31d30m32.4s,13h31m08.208s,6,1.0737418239999998,58733.95861111111,0.0
66,0.0,1,8438.96484375,-2.7939677238464355e-06,,20,,32,1744830464,1,,3C147,50d49m19.92s,5h42m48.984s,6,18.253611007999982,58921.72305555556,0.0
67,0.0,1,8438.964842353016,-2.7939677238464355e-06,,20,,32,1744830464,1,,3C295,52d12m28.08s,14h11m23.664s,6,18.253611008,58702.20313657408,0.0
68,0.0,1,11251.464842353016,-2.7939677238464355e-06,,20,,32,1342177280,1,,PSR_B0355+54,54d13m14.16s,3h58m53.616s,6,18.253611008,58570.73842592593,0.0
69,0.0,1,3151.464842353016,-2.7939677238464355e-06,,20,,32,536870912,1,,3C295,53d09m56.88s,14h11m08.544s,6,18.253611008,58616.45045138889,0.0
70,0.0,1,8438.78173828125,-0.3662109375,,20,,32,13312,1,,3C295,53d10m16.68s,14h11m18.216s,6,0.0003495253333333333,58667.3515625,0.0
71,0.0,1,8438.963413238525,-0.00286102294921875,,20,,32,1703936,1,,3C295,53d10m16.68s,14h11m18.216s,6,1.0737418239999998,58667.3515625,0.0
72,0.0,1,3151.28173828125,-0.3662109375,,20,,32,4096,1,,3C295,53d09m56.88s,14h11m08.544s,6,0.0003495253333333333,58616.45045138889,0.0
73,0.0,1,3151.4634132385254,-0.00286102294921875,,20,,32,524288,1,,3C295,53d09m56.88s,14h11m08.544s,6,1.0737418239999998,58616.45045138889,0.0
74,0.0,1,8438.78173828125,-0.3662109375,,20,,32,13312,1,,3C286,31d30m25.2s,13h31m08.664s,6,0.0003495253333333333,58734.93311342593,0.0
75,0.0,1,8438.963413238525,-0.00286102294921875,,20,,32,1703936,1,,3C286,31d30m25.2s,13h31m08.664s,6,1.0737418239999998,58734.93311342593,0.0
76,0.0,1,8438.96484375,-0.3662109375,,20,,32,13312,1,,3C147,50d49m19.92s,5h42m48.984s,6,0.000349525333333333,58921.72305555556,0.0
77,0.0,1,8438.78173828125,-0.3662109375,,20,,32,13312,1,,3C295,52d12m28.08s,14h11m23.664s,6,0.0003495253333333333,58702.20313657408,0.0
78,0.0,1,8438.96484375,-0.00286102294921875,,20,,32,1703936,1,,3C147,50d49m19.92s,5h42m48.984s,6,1.073741823999999,58921.72305555556,0.0
79,0.0,1,8438.963413238525,-0.00286102294921875,,20,,32,1703936,1,,3C295,52d12m28.08s,14h11m23.664s,6,1.0737418239999998,58702.20313657408,0.0
80,0.0,1,11251.464842353016,-2.7939677238464355e-06,,20,,32,1342177280,1,,3C147,49d50m58.56s,5h42m37.512s,6,18.253611008,58779.15074074074,0.0
81,0.0,1,11251.463413238525,-0.00286102294921875,,20,,32,1310720,1,,3C147,49d50m58.56s,5h42m37.512s,6,1.0737418239999998,58779.15074074074,0.0
82,0.0,1,11251.28173828125,-0.3662109375,,20,,32,10240,1,,PSR_B0355+54,54d13m14.16s,3h58m53.616s,6,0.0003495253333333333,58570.73842592593,0.0
83,0.0,1,11251.463413238525,-0.00286102294921875,,20,,32,1310720,1,,PSR_B0355+54,54d13m14.16s,3h58m53.616s,6,1.0737418239999998,58570.73842592593,0.0
84,0.0,1,8438.964842353016,-2.7939677238464355e-06,,20,,32,1744830464,1,,PSR_B0355+54,54d13m14.16s,3h58m53.616s,6,18.253611008,58692.77783564815,0.0
85,0.0,1,11251.28173828125,-0.3662109375,0.0,10,0.0,8,10240,1,,3C147,49d50m58.56s,5h42m37.512s,6,0.0003495253333333333,58779.15074074074,0.0
86,0.0,1,3151.464842353016,-2.7939677238464355e-06,,20,,32,536870912,1,,PSR_B0355+54,54d13m14.16s,3h58m53.616s,6,18.253611008,58616.45375,0.0
87,0.0,1,11251.28173828125,-0.3662109375,0.0,10,0.0,8,10240,1,,PSR_B0355+54,54d13m14.16s,3h58m53.616s,6,0.0003495253333333333,58570.73842592593,0.0
88,0.0,1,8438.964842353016,-2.7939677238464355e-06,,20,,32,1744830464,1,,PSR_B1133+16,15d51m07.2s,11h36m02.208s,6,18.253611008,58642.03603009259,0.0
89,0.0,1,8438.964842353016,-2.7939677238464355e-06,,20,,32,1744830464,1,,3C286,31d30m33.12s,13h31m08.256s,6,18.253611008,58734.93461805556,0.0
90,0.0,1,3151.28173828125,-0.3662109375,,20,,32,4096,1,,PSR_B0355+54,54d13m14.16s,3h58m53.616s,6,0.0003495253333333333,58616.45375,0.0
91,0.0,1,8438.96484375,-2.7939677238464355e-06,,20,,32,1744830464,1,,3C295,52d13m52.32s,14h11m22.104s,6,18.253611007999982,58921.334016203706,0.0
92,0.0,1,3151.4634132385254,-0.00286102294921875,,20,,32,524288,1,,PSR_B0355+54,54d13m14.16s,3h58m53.616s,6,1.0737418239999998,58616.45375,0.0
93,0.0,1,8438.964842353016,-2.7939677238464355e-06,,20,,32,1744830464,1,,3C295,53d11m19.68s,14h11m11.232s,6,18.253611008,58702.204733796294,0.0
94,0.0,1,3151.28173828125,-0.3662109375,0.0,10,0.0,8,4096,1,,PSR_B0355+54,54d13m14.16s,3h58m53.616s,6,0.0003495253333333333,58616.45375,0.0
95,0.0,1,11251.464842353016,-2.7939677238464355e-06,,20,,32,1342177280,1,,PSR_B0355+54,54d13m10.2s,3h58m53.664s,6,18.253611008,58806.08243055556,0.0
96,0.0,1,11251.464842353016,-2.7939677238464355e-06,,20,,32,1342177280,1,,3C147,49d51m06.48s,5h42m36.072s,6,18.253611008,58779.15831018519,0.0
97,0.0,1,8438.78173828125,-0.3662109375,,20,,32,13312,1,,3C286,31d30m33.12s,13h31m08.256s,6,0.0003495253333333333,58734.93461805556,0.0
98,0.0,1,11251.463413238525,-0.00286102294921875,,20,,32,1310720,1,,3C147,49d51m06.48s,5h42m36.072s,6,1.0737418239999998,58779.15831018519,0.0
99,0.0,1,8438.963413238525,-0.00286102294921875,,20,,32,1703936,1,,3C286,31d30m33.12s,13h31m08.256s,6,1.0737418239999998,58734.93461805556,0.0
100,0.0,1,3151.464842353016,-2.7939677238464355e-06,,20,,32,536870912,1,,3C48,33d09m21.6s,1h37m36.984s,6,18.253611008,58703.47752314815,0.0
101,0.0,1,8438.96484375,-0.3662109375,,20,,32,13312,1,,3C295,52d13m52.32s,14h11m22.104s,6,0.000349525333333333,58921.334016203706,0.0
102,0.0,1,8438.96484375,-0.00286102294921875,,20,,32,1703936,1,,3C295,52d13m52.32s,14h11m22.104s,6,1.073741823999999,58921.334016203706,0.0
103,0.0,1,8438.78173828125,-0.3662109375,,20,,32,13312,1,,3C295,53d11m19.68s,14h11m11.232s,6,0.0003495253333333333,58702.204733796294,0.0
104,0.0,1,11251.464842353016,-2.7939677238464355e-06,,20,,32,1342177280,1,,3C147,49d51m07.2s,5h42m36.048s,6,18.253611008,58595.17391203704,0.0
105,0.0,1,8438.963413238525,-0.00286102294921875,,20,,32,1703936,1,,3C295,53d11m19.68s,14h11m11.232s,6,1.0737418239999998,58702.204733796294,0.0
106,0.0,1,11251.463413238525,-0.00286102294921875,,20,,32,1310720,1,,3C147,49d51m07.2s,5h42m36.048s,6,1.0737418239999998,58595.17391203704,0.0
107,0.0,1,11251.28173828125,-0.3662109375,0.0,10,0.0,8,10240,1,,3C147,49d51m07.2s,5h42m36.048s,6,0.0003495253333333333,58595.17391203704,0.0
108,0.0,1,8438.78173828125,-0.3662109375,,20,,32,13312,1,,PSR_B0355+54,54d13m14.16s,3h58m53.616s,6,0.0003495253333333333,58692.77783564815,0.0
109,0.0,1,8438.963413238525,-0.00286102294921875,,20,,32,1703936,1,,PSR_B0355+54,54d13m14.16s,3h58m53.616s,6,1.0737418239999998,58692.77783564815,0.0
110,0.0,1,11251.464842353016,-2.7939677238464355e-06,,20,,32,1342177280,1,,3C286,30d30m41.76s,13h31m08.784s,6,18.253611008,58616.018530092595,0.0
111,0.0,1,8438.78173828125,-0.3662109375,,20,,32,13312,1,,PSR_B1133+16,15d51m07.2s,11h36m02.208s,6,0.0003495253333333333,58642.03603009259,0.0
112,0.0,1,8438.78173828125,-0.3662109375,0.0,10,0.0,8,13312,1,,PSR_B0355+54,54d13m14.16s,3h58m53.616s,6,0.0003495253333333333,58692.77783564815,0.0
113,0.0,1,8438.963413238525,-0.00286102294921875,,20,,32,1703936,1,,PSR_B1133+16,15d51m07.2s,11h36m02.208s,6,1.0737418239999998,58642.03603009259,0.0
114,0.0,1,11251.28173828125,-0.3662109375,,20,,32,10240,1,,PSR_B0355+54,54d13m10.2s,3h58m53.664s,6,0.0003495253333333333,58806.08243055556,0.0
115,0.0,1,11251.463413238525,-0.00286102294921875,,20,,32,1310720,1,,PSR_B0355+54,54d13m10.2s,3h58m53.664s,6,1.0737418239999998,58806.08243055556,0.0
116,0.0,1,11251.464842353016,-2.7939677238464355e-06,,20,,32,1342177280,1,,3C147,50d50m36.6s,5h42m44.04s,6,18.253611008,58779.15998842593,0.0
117,0.0,1,11251.463413238525,-0.00286102294921875,,20,,32,1310720,1,,3C147,50d50m36.6s,5h42m44.04s,6,1.0737418239999998,58779.15998842593,0.0
118,0.0,1,8438.964842353016,-2.7939677238464355e-06,,20,,32,1744830464,1,,PSR_B2021+51,51d54m56.52s,20h23m00.576s,6,18.253611008,58733.96974537037,0.0
119,0.0,1,11251.28173828125,-0.3662109375,,20,,32,10240,1,,3C286,30d30m41.76s,13h31m08.784s,6,0.0003495253333333333,58616.018530092595,0.0
120,0.0,1,11251.463413238525,-0.00286102294921875,,20,,32,1310720,1,,3C286,30d30m41.76s,13h31m08.784s,6,1.0737418239999998,58616.018530092595,0.0
121,0.0,1,8438.78173828125,-0.3662109375,0.0,10,0.0,8,13312,1,,PSR_B1133+16,15d51m07.2s,11h36m02.208s,6,0.0003495253333333333,58642.03603009259,0.0
122,0.0,1,11251.28173828125,-0.3662109375,0.0,10,0.0,8,10240,1,,3C147,50d50m36.6s,5h42m44.04s,6,0.0003495253333333333,58779.15998842593,0.0
123,0.0,1,11251.464842353016,-2.7939677238464355e-06,,20,,32,1342177280,1,,3C147,50d48m55.44s,5h42m30.264s,6,18.253611008,58595.17549768519,0.0
124,0.0,1,11251.463413238525,-0.00286102294921875,,20,,32,1310720,1,,3C147,50d48m55.44s,5h42m30.264s,6,1.0737418239999998,58595.17549768519,0.0
125,0.0,1,11251.28173828125,-0.3662109375,0.0,10,0.0,8,10240,1,,PSR_B0355+54,54d13m10.2s,3h58m53.664s,6,0.0003495253333333333,58806.08243055556,0.0
126,0.0,1,11251.28173828125,-0.3662109375,0.0,10,0.0,8,10240,1,,3C147,50d48m55.44s,5h42m30.264s,6,0.0003495253333333333,58595.17549768519,0.0
127,0.0,1,8438.96484375,-2.7939677238464355e-06,,20,,32,1744830464,1,,3C295,53d11m01.32s,14h11m22.296s,6,18.253611007999982,58921.33561342592,0.0
128,0.0,1,8438.964842353016,-2.7939677238464355e-06,,20,,32,1744830464,1,,3C295,52d17m26.88s,14h11m17.472s,6,18.253611008,58702.25212962963,0.0
129,0.0,1,8438.96484375,-0.3662109375,,20,,32,13312,1,,3C295,53d11m01.32s,14h11m22.296s,6,0.000349525333333333,58921.33561342592,0.0
130,0.0,1,8438.78173828125,-0.3662109375,,20,,32,13312,1,,3C295,52d17m26.88s,14h11m17.472s,6,0.0003495253333333333,58702.25212962963,0.0
131,0.0,1,8438.96484375,-0.00286102294921875,,20,,32,1703936,1,,3C295,53d11m01.32s,14h11m22.296s,6,1.073741823999999,58921.33561342592,0.0
132,0.0,1,8438.964842353016,-2.7939677238464355e-06,,20,,32,1744830464,1,,3C147,49d51m06.12s,5h42m36.048s,6,18.253611008,58692.78665509259,0.0
133,0.0,1,11251.464842353016,-2.7939677238464355e-06,,20,,32,1342177280,1,,PSR_B0950+08,7d55m35.4s,9h53m09.216s,6,18.253611008,58595.178773148145,0.0
134,0.0,1,8438.963413238525,-0.00286102294921875,,20,,32,1703936,1,,3C147,49d51m06.12s,5h42m36.048s,6,1.0737418239999998,58692.78665509259,0.0
135,0.0,1,11251.464842353016,-2.7939677238464355e-06,,20,,32,1342177280,1,,3C286,31d29m17.88s,13h31m17.088s,6,18.253611008,58616.020162037035,0.0
136,0.0,1,11251.464842353016,-2.7939677238464355e-06,,20,,32,1342177280,1,,3C147,50d51m07.2s,5h42m36.048s,6,18.253611008,58779.16150462963,0.0
137,0.0,1,11251.463413238525,-0.00286102294921875,,20,,32,1310720,1,,3C147,50d51m07.2s,5h42m36.048s,6,1.0737418239999998,58779.16150462963,0.0
138,0.0,1,8438.78173828125,-0.3662109375,0.0,10,0.0,8,13312,1,,3C147,49d51m06.12s,5h42m36.048s,6,0.0003495253333333333,58692.78665509259,0.0
139,0.0,1,11251.28173828125,-0.3662109375,0.0,10,0.0,8,10240,1,,3C147,50d51m07.2s,5h42m36.048s,6,0.0003495253333333333,58779.16150462963,0.0
140,0.0,1,11251.464842353016,-2.7939677238464355e-06,,20,,32,1342177280,1,,3C196,48d13m02.28s,8h13m36.048s,6,18.253611008,58806.193194444444,0.0
141,0.0,1,11251.463413238525,-0.00286102294921875,,20,,32,1310720,1,,3C196,48d13m02.28s,8h13m36.048s,6,1.0737418239999998,58806.193194444444,0.0
142,0.0,1,8438.964842353016,-2.7939677238464355e-06,,20,,32,1744830464,1,,3C295,52d12m30.24s,14h11m27.312s,6,18.253611008,58642.300983796296,0.0
143,0.0,1,11251.28173828125,-0.3662109375,0.0,10,0.0,8,10240,1,,3C196,48d13m02.28s,8h13m36.048s,6,0.0003495253333333333,58806.193194444444,0.0
144,0.0,1,8438.78173828125,-0.3662109375,,20,,32,13312,1,,PSR_B2021+51,51d54m56.52s,20h23m00.576s,6,0.0003495253333333333,58733.96974537037,0.0
145,0.0,1,11251.28173828125,-0.3662109375,,20,,32,10240,1,,3C286,31d29m17.88s,13h31m17.088s,6,0.0003495253333333333,58616.020162037035,0.0
146,0.0,1,8438.963413238525,-0.00286102294921875,,20,,32,1703936,1,,PSR_B2021+51,51d54m56.52s,20h23m00.576s,6,1.0737418239999998,58733.96974537037,0.0
147,0.0,1,11251.463413238525,-0.00286102294921875,,20,,32,1310720,1,,3C286,31d29m17.88s,13h31m17.088s,6,1.0737418239999998,58616.020162037035,0.0
148,0.0,1,8438.78173828125,-0.3662109375,0.0,10,0.0,8,13312,1,,PSR_B2021+51,51d54m56.52s,20h23m00.576s,6,0.0003495253333333333,58733.96974537037,0.0
149,0.0,1,8438.78173828125,-0.3662109375,,20,,32,13312,1,,3C295,52d12m30.24s,14h11m27.312s,6,0.0003495253333333333,58642.300983796296,0.0
150,0.0,1,8438.963413238525,-0.00286102294921875,,20,,32,1703936,1,,3C295,52d12m30.24s,14h11m27.312s,6,1.0737418239999998,58642.300983796296,0.0
151,0.0,1,8438.96484375,-2.7939677238464355e-06,,20,,32,1744830464,1,,3C295,53d12m09s,14h11m20.688s,6,18.253611007999982,58921.33710648148,0.0
152,0.0,1,8438.964842353016,-2.7939677238464355e-06,,20,,32,1744830464,1,,3C295,53d11m30.84s,14h11m16.224s,6,18.253611008,58702.25371527778,0.0
153,0.0,1,11251.464842353016,-2.7939677238464355e-06,,20,,32,1342177280,1,,3C196,49d12m48.6s,8h13m42.312s,6,18.253611008,58806.194814814815,0.0
154,0.0,1,8438.964842353016,-2.7939677238464355e-06,,20,,32,1744830464,1,,PSR_B2021+51,51d54m53.28s,20h22m54.744s,6,18.253611008,58734.9462037037,0.0
155,0.0,1,3151.28173828125,-0.3662109375,,20,,32,4096,1,,3C286,30d30m48.6s,13h31m06.912s,6,0.0003495253333333333,58743.90497685185,0.0
156,0.0,1,3151.4634132385254,-0.00286102294921875,,20,,32,524288,1,,3C286,30d30m48.6s,13h31m06.912s,6,1.0737418239999998,58743.90497685185,0.0
157,0.0,1,8438.964842353016,-2.7939677238464355e-06,,20,,32,1744830464,1,,3C147,50d50m46.68s,5h42m30.888s,6,18.253611008,58692.78827546296,0.0
158,0.0,1,11251.463413238525,-0.00286102294921875,,20,,32,1310720,1,,3C196,49d12m48.6s,8h13m42.312s,6,1.0737418239999998,58806.194814814815,0.0
159,0.0,1,8438.963413238525,-0.00286102294921875,,20,,32,1703936,1,,3C147,50d50m46.68s,5h42m30.888s,6,1.0737418239999998,58692.78827546296,0.0
160,0.0,1,11251.28173828125,-0.3662109375,0.0,10,0.0,8,10240,1,,3C196,49d12m48.6s,8h13m42.312s,6,0.0003495253333333333,58806.194814814815,0.0
161,0.0,1,8438.78173828125,-0.3662109375,0.0,10,0.0,8,13312,1,,3C147,50d50m46.68s,5h42m30.888s,6,0.0003495253333333333,58692.78827546296,0.0
162,0.0,1,8438.96484375,-0.3662109375,,20,,32,13312,1,,3C295,53d12m09s,14h11m20.688s,6,0.000349525333333333,58921.33710648148,0.0
163,0.0,1,8438.96484375,-0.00286102294921875,,20,,32,1703936,1,,3C295,53d12m09s,14h11m20.688s,6,1.073741823999999,58921.33710648148,0.0
164,0.0,1,8438.964842353016,-2.7939677238464355e-06,,20,,32,1744830464,1,,3C286,30d30m32.76s,13h31m08.208s,6,18.253611008,58733.95547453704,0.0
165,0.0,1,8438.78173828125,-0.3662109375,,20,,32,13312,1,,3C295,53d11m30.84s,14h11m16.224s,6,0.0003495253333333333,58702.25371527778,0.0
166,0.0,1,8438.963413238525,-0.00286102294921875,,20,,32,1703936,1,,3C295,53d11m30.84s,14h11m16.224s,6,1.0737418239999998,58702.25371527778,0.0
167,0.0,1,11251.464842353016,-2.7939677238464355e-06,,20,,32,1342177280,1,,3C295,53d11m08.88s,14h11m11.664s,6,18.253611008,58532.66394675926,0.0
168,0.0,1,3151.28173828125,-0.3662109375,,20,,32,4096,1,,3C286,31d30m06.48s,13h31m05.568s,6,0.0003495253333333333,58743.90660879629,0.0
169,0.0,1,3151.4634132385254,-0.00286102294921875,,20,,32,524288,1,,3C286,31d30m06.48s,13h31m05.568s,6,1.0737418239999998,58743.90660879629,0.0
170,0.0,1,8438.964842353016,-2.7939677238464355e-06,,20,,32,1744830464,1,,3C295,53d10m23.16s,14h11m10.2s,6,18.253611008,58642.30260416667,0.0
171,0.0,1,3151.464842353016,-2.7939677238464355e-06,,20,,32,536870912,1,,3C286,31d30m33.12s,13h31m08.256s,6,18.253611008,58743.908101851855,0.0
172,0.0,1,11251.464842353016,-2.7939677238464355e-06,,20,,32,1342177280,1,,3C196,49d13m02.28s,8h13m35.952s,6,18.253611008,58806.19631944445,0.0
173,0.0,1,11251.463413238525,-0.00286102294921875,,20,,32,1310720,1,,3C196,49d13m02.28s,8h13m35.952s,6,1.0737418239999998,58806.19631944445,0.0
174,0.0,1,3151.28173828125,-0.3662109375,,20,,32,4096,1,,3C286,31d30m33.12s,13h31m08.256s,6,0.0003495253333333333,58743.908101851855,0.0
175,0.0,1,3151.4634132385254,-0.00286102294921875,,20,,32,524288,1,,3C286,31d30m33.12s,13h31m08.256s,6,1.0737418239999998,58743.908101851855,0.0
176,0.0,1,3151.464842353016,-2.7939677238464355e-06,,20,,32,536870912,1,,PSR_B1133+16,19d20m26.16s,12h49m38.448s,6,18.253611008,58538.30899305556,0.0
177,0.0,1,11251.28173828125,-0.3662109375,0.0,10,0.0,8,10240,1,,3C196,49d13m02.28s,8h13m35.952s,6,0.0003495253333333333,58806.19631944445,0.0
178,0.0,1,8438.78173828125,-0.3662109375,,20,,32,13312,1,,PSR_B2021+51,51d54m53.28s,20h22m54.744s,6,0.0003495253333333333,58734.9462037037,0.0
179,0.0,1,8438.963413238525,-0.00286102294921875,,20,,32,1703936,1,,PSR_B2021+51,51d54m53.28s,20h22m54.744s,6,1.0737418239999998,58734.9462037037,0.0
180,0.0,1,8438.963413238525,-0.00286102294921875,,20,,32,1703936,1,,3C295,53d10m23.16s,14h11m10.2s,6,1.0737418239999998,58642.30260416667,0.0
181,0.0,1,11251.464842353016,-2.7939677238464355e-06,,20,,32,1342177280,1,,PSR_B0355+54,54d13m12s,3h58m53.64s,6,18.253611008,58779.163819444446,0.0
182,0.0,1,8438.964842353016,-2.7939677238464355e-06,,20,,32,1744830464,1,,3C147,49d51m10.08s,5h42m36.024s,6,18.253611008,58692.79215277778,0.0
183,0.0,1,8438.963413238525,-0.00286102294921875,,20,,32,1703936,1,,3C147,49d51m10.08s,5h42m36.024s,6,1.0737418239999998,58692.79215277778,0.0
184,0.0,1,3151.464842353016,-2.7939677238464355e-06,,20,,32,536870912,1,,3C286,30d29m51.36s,13h31m14.952s,6,18.253611008,58538.30369212963,0.0
185,0.0,1,3151.4634132385254,-0.00286102294921875,,20,,32,524288,1,,3C286,30d29m51.36s,13h31m14.952s,6,1.0737418239999998,58538.30369212963,0.0
186,0.0,1,11251.28173828125,-0.3662109375,,20,,32,10240,1,,PSR_B0950+08,7d55m35.4s,9h53m09.216s,6,0.0003495253333333333,58595.178773148145,0.0
187,0.0,1,3151.28173828125,-0.3662109375,,20,,32,4096,1,,PSR_B1133+16,19d20m26.16s,12h49m38.448s,6,0.0003495253333333333,58538.30899305556,0.0
188,0.0,1,11251.464842353016,-2.7939677238464355e-06,,20,,32,1342177280,1,,PSR_B1133+16,15d51m05.04s,11h36m03.36s,6,18.253611008,58616.02309027778,0.0
189,0.0,1,3151.28173828125,-0.3662109375,0.0,10,0.0,8,4096,1,,3C286,30d29m51.36s,13h31m14.952s,6,0.0003495253333333333,58538.30369212963,0.0
190,0.0,1,11251.463413238525,-0.00286102294921875,,20,,32,1310720,1,,PSR_B0950+08,7d55m35.4s,9h53m09.216s,6,1.0737418239999998,58595.178773148145,0.0
191,0.0,1,8438.78173828125,-0.3662109375,0.0,10,0.0,8,13312,1,,PSR_B2021+51,51d54m53.28s,20h22m54.744s,6,0.0003495253333333333,58734.9462037037,0.0
192,0.0,1,11251.28173828125,-0.3662109375,0.0,10,0.0,8,10240,1,,PSR_B0950+08,7d55m35.4s,9h53m09.216s,6,0.0003495253333333333,58595.178773148145,0.0
193,0.0,1,3151.464842353016,-2.7939677238464355e-06,,20,,32,536870912,1,,3C286,31d29m20.76s,13h31m16.8s,6,18.253611008,58538.305393518516,0.0
194,0.0,1,3151.4634132385254,-0.00286102294921875,,20,,32,524288,1,,3C286,31d29m20.76s,13h31m16.8s,6,1.0737418239999998,58538.305393518516,0.0
195,0.0,1,3151.28173828125,-0.3662109375,0.0,10,0.0,8,4096,1,,3C286,31d29m20.76s,13h31m16.8s,6,0.0003495253333333333,58538.305393518516,0.0
196,0.0,1,3151.28173828125,-0.3662109375,0.0,10,0.0,8,4096,1,,PSR_B1133+16,19d20m26.16s,12h49m38.448s,6,0.0003495253333333333,58538.30899305556,0.0
197,0.0,1,11251.28173828125,-0.3662109375,,20,,32,10240,1,,PSR_B0355+54,54d13m12s,3h58m53.64s,6,0.0003495253333333333,58779.163819444446,0.0
198,0.0,1,11251.463413238525,-0.00286102294921875,,20,,32,1310720,1,,PSR_B0355+54,54d13m12s,3h58m53.64s,6,1.0737418239999998,58779.163819444446,0.0
199,0.0,1,3151.28173828125,-0.3662109375,,20,,32,4096,1,,PSR_B2021+51,51d54m48.96s,20h22m49.704s,6,0.0003495253333333333,58743.91260416667,0.0
200,0.0,1,3151.4634132385254,-0.00286102294921875,,20,,32,524288,1,,PSR_B2021+51,51d54m48.96s,20h22m49.704s,6,1.0737418239999998,58743.91260416667,0.0
201,0.0,1,11251.464842353016,-2.7939677238464355e-06,,20,,32,1342177280,1,,3C295,52d12m20.88s,14h11m21.528s,6,18.253611008,58532.66226851852,0.0
202,0.0,1,11251.463413238525,-0.00286102294921875,,20,,32,1310720,1,,3C295,52d12m20.88s,14h11m21.528s,6,1.0737418239999998,58532.66226851852,0.0
203,0.0,1,11251.28173828125,-0.3662109375,,20,,32,10240,1,,PSR_B1133+16,15d51m05.04s,11h36m03.36s,6,0.0003495253333333333,58616.02309027778,0.0
204,0.0,1,3151.28173828125,-0.3662109375,0.0,10,0.0,8,4096,1,,PSR_B2021+51,51d54m48.96s,20h22m49.704s,6,0.0003495253333333333,58743.91260416667,0.0
205,0.0,1,12351.28173828125,-0.3662109375,,20,,32,10240,1,,3C353,-0d58m51.6s,17h20m29.256s,6,0.0003495253333333333,58616.31501157407,0.0
206,0.0,1,11251.463413238525,-0.00286102294921875,,20,,32,1310720,1,,PSR_B1133+16,15d51m05.04s,11h36m03.36s,6,1.0737418239999998,58616.02309027778,0.0
207,0.0,1,11251.28173828125,-0.3662109375,0.0,10,0.0,8,10240,1,,PSR_B0355+54,54d13m12s,3h58m53.64s,6,0.0003495253333333333,58779.163819444446,0.0
208,0.0,1,11251.28173828125,-0.3662109375,0.0,10,0.0,8,10240,1,,3C295,52d12m20.88s,14h11m21.528s,6,0.0003495253333333333,58532.66226851852,0.0
209,0.0,1,3151.464842353016,-2.7939677238464355e-06,,20,,32,536870912,1,,3C286,30d30m21.24s,13h31m09.144s,6,18.253611008,58538.31383101852,0.0
210,0.0,1,8438.964842353016,-2.7939677238464355e-06,,20,,32,1744830464,1,,3C196,48d15m27.36s,8h13m59.352s,6,18.253611008,58692.89910879629,0.0
211,0.0,1,8438.964842353016,-2.7939677238464355e-06,,20,,32,1744830464,1,,PSR_B2021+51,51d54m57.24s,20h23m03.624s,6,18.253611008,58737.94384259259,0.0
212,0.0,1,11251.464842353016,-2.7939677238464355e-06,,20,,32,1342177280,1,,3C286,30d31m10.92s,13h31m12.696s,6,18.253611008,58595.36524305555,0.0
213,0.0,1,8438.963413238525,-0.00286102294921875,,20,,32,1703936,1,,3C196,48d15m27.36s,8h13m59.352s,6,1.0737418239999998,58692.89910879629,0.0
214,0.0,1,3151.4634132385254,-0.00286102294921875,,20,,32,524288,1,,PSR_B1133+16,19d20m26.16s,12h49m38.448s,6,1.0737418239999998,58538.30899305556,0.0
215,0.0,1,11251.463413238525,-0.00286102294921875,,20,,32,1310720,1,,3C286,30d31m10.92s,13h31m12.696s,6,1.0737418239999998,58595.36524305555,0.0
216,0.0,1,11251.28173828125,-0.3662109375,0.0,10,0.0,8,10240,1,,PSR_B1133+16,15d51m05.04s,11h36m03.36s,6,0.0003495253333333333,58616.02309027778,0.0
217,0.0,1,11251.28173828125,-0.3662109375,0.0,10,0.0,8,10240,1,,3C286,30d31m10.92s,13h31m12.696s,6,0.0003495253333333333,58595.36524305555,0.0
218,0.0,1,8438.78173828125,-0.3662109375,0.0,10,0.0,8,13312,1,,3C196,48d15m27.36s,8h13m59.352s,6,0.0003495253333333333,58692.89910879629,0.0
219,0.0,1,11251.463413238525,-0.00286102294921875,,20,,32,1310720,1,,3C286,30d31m16.32s,13h31m09.24s,6,1.0737418239999998,58783.70827546297,0.0
220,0.0,1,3151.4634132385254,-0.00286102294921875,,20,,32,524288,1,,3C286,30d30m21.24s,13h31m09.144s,6,1.0737418239999998,58538.31383101852,0.0
221,0.0,1,8438.96484375,-2.7939677238464355e-06,,20,,32,1744830464,1,,PSR_B2021+51,51d54m50.4s,20h22m49.8s,6,18.253611007999982,58921.340625,0.0
222,0.0,1,3151.28173828125,-0.3662109375,0.0,10,0.0,8,4096,1,,3C286,30d30m21.24s,13h31m09.144s,6,0.0003495253333333333,58538.31383101852,0.0
223,0.0,1,11251.464842353016,-2.7939677238464355e-06,,20,,32,1342177280,1,,3C48,33d09m35.28s,1h37m41.232s,6,18.253611008,58779.25234953704,0.0
224,0.0,1,8438.964842353016,-2.7939677238464355e-06,,20,,32,1744830464,1,,PSR_B0355+54,54d13m13.08s,3h58m53.832s,6,18.253611008,58702.257002314815,0.0
225,0.0,1,2251.464842353016,-2.7939677238464355e-06,,20,,32,536870912,1,,3C286,31d29m48.12s,13h31m14.28s,6,18.253611008,58692.83384259259,0.0
226,0.0,1,11251.463413238525,-0.00286102294921875,,20,,32,1310720,1,,3C48,33d09m35.28s,1h37m41.232s,6,1.0737418239999998,58779.25234953704,0.0
227,0.0,1,11251.463413238525,-0.00286102294921875,,20,,32,1310720,1,,3C295,53d11m08.88s,14h11m11.664s,6,1.0737418239999998,58532.66394675926,0.0
228,0.0,1,2251.4634132385254,-0.00286102294921875,,20,,32,524288,1,,3C286,31d29m48.12s,13h31m14.28s,6,1.0737418239999998,58692.83384259259,0.0
229,0.0,1,11251.28173828125,-0.3662109375,0.0,10,0.0,8,10240,1,,3C48,33d09m35.28s,1h37m41.232s,6,0.0003495253333333333,58779.25234953704,0.0
230,0.0,1,11251.28173828125,-0.3662109375,0.0,10,0.0,8,10240,1,,3C295,53d11m08.88s,14h11m11.664s,6,0.0003495253333333333,58532.66394675926,0.0
231,0.0,1,8438.964842353016,-2.7939677238464355e-06,,20,,32,1744830464,1,,3C48,33d09m29.88s,1h37m43.248s,6,18.253611008,58803.08074074074,0.0
232,0.0,1,8438.964842353016,-2.7939677238464355e-06,,20,,32,1744830464,1,,3C48,33d09m33.48s,1h37m45.552s,6,18.253611008,58744.13449074074,0.0
233,0.0,1,11251.464842353016,-2.7939677238464355e-06,,20,,32,1342177280,1,,3C286,30d30m22.32s,13h31m08.712s,6,18.253611008,58616.30318287037,0.0
234,0.0,1,11251.464842353016,-2.7939677238464355e-06,,20,,32,1342177280,1,,3C286,31d29m24.72s,13h30m59.448s,6,18.253611008,58595.36686342592,0.0
235,0.0,1,11251.463413238525,-0.00286102294921875,,20,,32,1310720,1,,3C286,31d29m24.72s,13h30m59.448s,6,1.0737418239999998,58595.36686342592,0.0
236,0.0,1,3151.464842353016,-2.7939677238464355e-06,,20,,32,536870912,1,,3C286,31d29m05.28s,13h31m16.488s,6,18.253611008,58538.31554398148,0.0
237,0.0,1,3151.4634132385254,-0.00286102294921875,,20,,32,524288,1,,3C286,31d29m05.28s,13h31m16.488s,6,1.0737418239999998,58538.31554398148,0.0
238,0.0,1,11251.28173828125,-0.3662109375,0.0,10,0.0,8,10240,1,,3C286,31d29m24.72s,13h30m59.448s,6,0.0003495253333333333,58595.36686342592,0.0
239,0.0,1,3151.28173828125,-0.3662109375,0.0,10,0.0,8,4096,1,,3C286,31d29m05.28s,13h31m16.488s,6,0.0003495253333333333,58538.31554398148,0.0
240,0.0,1,8438.964842353016,-2.7939677238464355e-06,,20,,32,1744830464,1,,3C196,49d12m42.84s,8h13m29.424s,6,18.253611008,58692.900729166664,0.0
241,0.0,1,8438.963413238525,-0.00286102294921875,,20,,32,1703936,1,,3C196,49d12m42.84s,8h13m29.424s,6,1.0737418239999998,58692.900729166664,0.0
242,0.0,1,11251.28173828125,-0.3662109375,,20,,32,10240,1,,3C286,30d30m22.32s,13h31m08.712s,6,0.0003495253333333333,58616.30318287037,0.0
243,0.0,1,11251.463413238525,-0.00286102294921875,,20,,32,1310720,1,,3C286,30d30m22.32s,13h31m08.712s,6,1.0737418239999998,58616.30318287037,0.0
244,0.0,1,8438.78173828125,-0.3662109375,0.0,10,0.0,8,13312,1,,3C196,49d12m42.84s,8h13m29.424s,6,0.0003495253333333333,58692.900729166664,0.0
245,0.0,1,2251.464842353016,-2.7939677238464355e-06,,20,,32,536870912,1,,3C286,30d29m39.84s,13h31m26.736s,6,18.253611008,58692.83219907407,0.0
246,0.0,1,8438.78173828125,-0.3662109375,,20,,32,13312,1,,3C48,33d09m33.48s,1h37m45.552s,6,0.0003495253333333333,58744.13449074074,0.0
247,0.0,1,2251.4634132385254,-0.00286102294921875,,20,,32,524288,1,,3C286,30d29m39.84s,13h31m26.736s,6,1.0737418239999998,58692.83219907407,0.0
248,0.0,1,8438.963413238525,-0.00286102294921875,,20,,32,1703936,1,,3C48,33d09m33.48s,1h37m45.552s,6,1.0737418239999998,58744.13449074074,0.0
249,0.0,1,2251.28173828125,-0.3662109375,0.0,10,0.0,8,4096,1,,3C286,30d29m39.84s,13h31m26.736s,6,0.0003495253333333333,58692.83219907407,0.0
250,0.0,1,8438.964842353016,-2.7939677238464355e-06,,20,,32,1744830464,1,,PSR_B2021+51,51d54m49.68s,20h22m49.8s,6,18.253611008,58642.30616898148,0.0
251,0.0,1,11251.464842353016,-2.7939677238464355e-06,,20,,32,1342177280,1,,3C48,34d09m07.56s,1h37m36.84s,6,18.253611008,58779.25413194444,0.0
252,0.0,1,11251.463413238525,-0.00286102294921875,,20,,32,1310720,1,,3C48,34d09m07.56s,1h37m36.84s,6,1.0737418239999998,58779.25413194444,0.0
253,0.0,1,11251.28173828125,-0.3662109375,0.0,10,0.0,8,10240,1,,3C48,34d09m07.56s,1h37m36.84s,6,0.0003495253333333333,58779.25413194444,0.0
254,0.0,1,2251.28173828125,-0.3662109375,0.0,10,0.0,8,4096,1,,3C286,31d29m48.12s,13h31m14.28s,6,0.0003495253333333333,58692.83384259259,0.0
255,0.0,1,8438.96484375,-0.3662109375,,20,,32,13312,1,,PSR_B2021+51,51d54m50.4s,20h22m49.8s,6,0.000349525333333333,58921.340625,0.0
256,0.0,1,8438.96484375,-0.00286102294921875,,20,,32,1703936,1,,PSR_B2021+51,51d54m50.4s,20h22m49.8s,6,1.073741823999999,58921.340625,0.0
257,0.0,1,8438.78173828125,-0.3662109375,,20,,32,13312,1,,PSR_B0355+54,54d13m13.08s,3h58m53.832s,6,0.0003495253333333333,58702.257002314815,0.0
258,0.0,1,8438.963413238525,-0.00286102294921875,,20,,32,1703936,1,,PSR_B0355+54,54d13m13.08s,3h58m53.832s,6,1.0737418239999998,58702.257002314815,0.0
259,0.0,1,3151.464842353016,-2.7939677238464355e-06,,20,,32,536870912,1,,PSR_B1133+16,15d51m03.96s,11h36m03.456s,6,18.253611008,58538.31916666667,0.0
260,0.0,1,8438.964842353016,-2.7939677238464355e-06,,20,,32,1744830464,1,,3C48,34d09m19.08s,1h37m44.808s,6,18.253611008,58744.13619212963,0.0
261,0.0,1,11251.464842353016,-2.7939677238464355e-06,,20,,32,1342177280,1,,3C286,31d30m19.8s,13h31m06.36s,6,18.253611008,58616.30480324074,0.0
262,0.0,1,8438.96484375,-0.3662109375,0.0,10,0.0,8,13312,1,,PSR_B2021+51,51d54m50.4s,20h22m49.8s,6,0.000349525333333333,58921.340625,0.0
263,0.0,1,8438.78173828125,-0.3662109375,0.0,10,0.0,8,13312,1,,PSR_B0355+54,54d13m13.08s,3h58m53.832s,6,0.0003495253333333333,58702.257002314815,0.0
264,0.0,1,3151.28173828125,-0.3662109375,,20,,32,4096,1,,PSR_B1133+16,15d51m03.96s,11h36m03.456s,6,0.0003495253333333333,58538.31916666667,0.0
265,0.0,1,3151.4634132385254,-0.00286102294921875,,20,,32,524288,1,,PSR_B1133+16,15d51m03.96s,11h36m03.456s,6,1.0737418239999998,58538.31916666667,0.0
266,0.0,1,8438.78173828125,-0.3662109375,,20,,32,13312,1,,3C48,34d09m19.08s,1h37m44.808s,6,0.0003495253333333333,58744.13619212963,0.0
267,0.0,1,8438.963413238525,-0.00286102294921875,,20,,32,1703936,1,,3C48,34d09m19.08s,1h37m44.808s,6,1.0737418239999998,58744.13619212963,0.0
268,0.0,1,3151.28173828125,-0.3662109375,0.0,10,0.0,8,4096,1,,PSR_B1133+16,15d51m03.96s,11h36m03.456s,6,0.0003495253333333333,58538.31916666667,0.0
269,0.0,1,11251.28173828125,-0.3662109375,,20,,32,10240,1,,3C286,31d30m19.8s,13h31m06.36s,6,0.0003495253333333333,58616.30480324074,0.0
270,0.0,1,11251.463413238525,-0.00286102294921875,,20,,32,1310720,1,,3C286,31d30m19.8s,13h31m06.36s,6,1.0737418239999998,58616.30480324074,0.0
271,0.0,1,11251.464842353016,-2.7939677238464355e-06,,20,,32,1342177280,1,,3C48,34d09m34.56s,1h37m41.256s,6,18.253611008,58779.25564814815,0.0
272,0.0,1,11251.463413238525,-0.00286102294921875,,20,,32,1310720,1,,3C48,34d09m34.56s,1h37m41.256s,6,1.0737418239999998,58779.25564814815,0.0
273,0.0,1,2251.464842353016,-2.7939677238464355e-06,,20,,32,536870912,1,,PSR_B1133+16,15d51m01.8s,11h36m03.096s,6,18.253611008,58692.83699074074,0.0
274,0.0,1,11251.28173828125,-0.3662109375,0.0,10,0.0,8,10240,1,,3C48,34d09m34.56s,1h37m41.256s,6,0.0003495253333333333,58779.25564814815,0.0
275,0.0,1,8438.78173828125,-0.3662109375,,20,,32,13312,1,,PSR_B2021+51,51d54m49.68s,20h22m49.8s,6,0.0003495253333333333,58642.30616898148,0.0
276,0.0,1,2251.464842353016,-2.7939677238464355e-06,,20,,32,536870912,1,,DIAG_PSR_B2016+28,10d59m29.04s,20h18m03.864s,6,18.253611008,58701.17215277778,0.0
277,0.0,1,8438.963413238525,-0.00286102294921875,,20,,32,1703936,1,,PSR_B2021+51,51d54m49.68s,20h22m49.8s,6,1.0737418239999998,58642.30616898148,0.0
278,0.0,1,2251.28173828125,-0.3662109375,,20,,32,4096,1,,DIAG_PSR_B2016+28,10d59m29.04s,20h18m03.864s,6,0.0003495253333333333,58701.17215277778,0.0
279,0.0,1,11251.464842353016,-2.7939677238464355e-06,,20,,32,1342177280,1,,3C353,-0d58m52.68s,17h20m29.544s,6,18.253611008,58616.308842592596,0.0
280,0.0,1,2251.4634132385254,-0.00286102294921875,,20,,32,524288,1,,DIAG_PSR_B2016+28,10d59m29.04s,20h18m03.864s,6,1.0737418239999998,58701.17215277778,0.0
281,0.0,1,2251.28173828125,-0.3662109375,0.0,10,0.0,8,4096,1,,DIAG_PSR_B2016+28,10d59m29.04s,20h18m03.864s,6,0.0003495253333333333,58701.17215277778,0.0
282,0.0,1,2251.28173828125,-0.3662109375,,20,,32,4096,1,,PSR_B1133+16,15d51m01.8s,11h36m03.096s,6,0.0003495253333333333,58692.83699074074,0.0
283,0.0,1,2251.4634132385254,-0.00286102294921875,,20,,32,524288,1,,PSR_B1133+16,15d51m01.8s,11h36m03.096s,6,1.0737418239999998,58692.83699074074,0.0
284,0.0,1,3151.464842353016,-2.7939677238464355e-06,,20,,32,536870912,1,,3C286,30d29m40.56s,13h31m17.448s,6,18.253611008,58845.45746527778,0.0
285,0.0,1,26001.46484375,-2.7939677238464355e-06,,20,,32,1409286144,1,,3C48,34d07m14.52s,1h37m36.384s,6,18.253611007999982,58921.81982638889,0.0
286,0.0,1,8438.78173828125,-0.3662109375,0.0,10,0.0,8,13312,1,,PSR_B2021+51,51d54m49.68s,20h22m49.8s,6,0.0003495253333333333,58642.30616898148,0.0
287,0.0,1,11251.28173828125,-0.3662109375,,20,,32,10240,1,,3C353,-0d58m52.68s,17h20m29.544s,6,0.0003495253333333333,58616.308842592596,0.0
288,0.0,1,11251.463413238525,-0.00286102294921875,,20,,32,1310720,1,,3C353,-0d58m52.68s,17h20m29.544s,6,1.0737418239999998,58616.308842592596,0.0
289,0.0,1,2251.28173828125,-0.3662109375,0.0,10,0.0,8,4096,1,,PSR_B1133+16,15d51m01.8s,11h36m03.096s,6,0.0003495253333333333,58692.83699074074,0.0
290,0.0,1,12351.463413238525,-0.00286102294921875,,20,,32,1310720,1,,3C353,-0d00m03.6s,17h20m31.728s,6,1.0737418239999998,58616.31592592593,0.0
291,0.0,1,26001.46484375,-0.3662109375,,20,,32,10752,1,,3C48,34d07m14.52s,1h37m36.384s,6,0.000349525333333333,58921.81982638889,0.0
292,0.0,1,26001.46484375,-0.00286102294921875,,20,,32,1376256,1,,3C48,34d07m14.52s,1h37m36.384s,6,1.073741823999999,58921.81982638889,0.0
293,0.0,1,8438.964842353016,-2.7939677238464355e-06,,20,,32,1744830464,1,,3C48,33d09m11.88s,1h37m42.264s,6,18.253611008,58744.14461805556,0.0
294,0.0,1,11251.464842353016,-2.7939677238464355e-06,,20,,32,1342177280,1,,3C353,0d00m55.8s,17h20m30.12s,6,18.253611008,58616.309745370374,0.0
295,0.0,1,11251.28173828125,-0.3662109375,,20,,32,10240,1,,3C353,0d00m55.8s,17h20m30.12s,6,0.0003495253333333333,58616.309745370374,0.0
296,0.0,1,11251.463413238525,-0.00286102294921875,,20,,32,1310720,1,,3C353,0d00m55.8s,17h20m30.12s,6,1.0737418239999998,58616.309745370374,0.0
297,0.0,1,8438.78173828125,-0.3662109375,,20,,32,13312,1,,3C48,33d09m29.88s,1h37m43.248s,6,0.0003495253333333333,58803.08074074074,0.0
298,0.0,1,11251.464842353016,-2.7939677238464355e-06,,20,,32,1342177280,1,,3C196,48d12m57.24s,8h13m36s,6,18.253611008,58734.745474537034,0.0
299,0.0,1,3151.464842353016,-2.7939677238464355e-06,,20,,32,536870912,1,,3C286,30d29m21.84s,13h31m18.744s,6,18.253611008,58623.072384259256,0.0
300,0.0,1,8438.963413238525,-0.00286102294921875,,20,,32,1703936,1,,3C48,33d09m29.88s,1h37m43.248s,6,1.0737418239999998,58803.08074074074,0.0
301,0.0,1,3151.28173828125,-0.3662109375,,20,,32,4096,1,,3C286,30d29m21.84s,13h31m18.744s,6,0.0003495253333333333,58623.072384259256,0.0
302,0.0,1,3151.4634132385254,-0.00286102294921875,,20,,32,524288,1,,3C286,30d29m21.84s,13h31m18.744s,6,1.0737418239999998,58623.072384259256,0.0
303,0.0,1,11251.28173828125,-0.3662109375,,20,,32,10240,1,,PSR_B0355+54,54d12m46.8s,3h58m55.368s,6,0.0003495253333333333,58532.67306712963,0.0
304,0.0,1,8438.78173828125,-0.3662109375,,20,,32,13312,1,,3C48,33d09m11.88s,1h37m42.264s,6,0.0003495253333333333,58744.14461805556,0.0
305,0.0,1,11251.463413238525,-0.00286102294921875,,20,,32,1310720,1,,PSR_B0355+54,54d12m46.8s,3h58m55.368s,6,1.0737418239999998,58532.67306712963,0.0
306,0.0,1,8438.963413238525,-0.00286102294921875,,20,,32,1703936,1,,3C48,33d09m11.88s,1h37m42.264s,6,1.0737418239999998,58744.14461805556,0.0
307,0.0,1,12351.464842353016,-2.7939677238464355e-06,,20,,32,1342177280,1,,3C353,-0d00m03.6s,17h20m31.728s,6,18.253611008,58616.31592592593,0.0
308,0.0,1,11251.28173828125,-0.3662109375,,20,,32,10240,1,,3C196,48d12m57.24s,8h13m36s,6,0.0003495253333333333,58734.745474537034,0.0
309,0.0,1,8438.964842353016,-2.7939677238464355e-06,,20,,32,1744830464,1,,3C286,30d33m25.56s,13h31m22.92s,6,18.253611008,58737.92905092592,0.0
310,0.0,1,11251.463413238525,-0.00286102294921875,,20,,32,1310720,1,,3C196,48d12m57.24s,8h13m36s,6,1.0737418239999998,58734.745474537034,0.0
311,0.0,1,8438.964842353016,-2.7939677238464355e-06,,20,,32,1744830464,1,,PSR_B0950+08,7d55m35.76s,9h53m09.336s,6,18.253611008,58692.90372685185,0.0
312,0.0,1,8438.964842353016,-2.7939677238464355e-06,,20,,32,1744830464,1,,3C123,29d40m51.24s,4h37m04.344s,6,18.253611008,58692.62153935185,0.0
313,0.0,1,8438.78173828125,-0.3662109375,0.0,10,0.0,8,13312,1,,3C123,29d40m51.24s,4h37m04.344s,6,0.0003495253333333333,58692.62153935185,0.0
314,0.0,1,11251.28173828125,-0.3662109375,0.0,10,0.0,8,10240,1,,PSR_B0355+54,54d12m46.8s,3h58m55.368s,6,0.0003495253333333333,58532.67306712963,0.0
315,0.0,1,8438.963413238525,-0.00286102294921875,,20,,32,1703936,1,,3C123,29d40m51.24s,4h37m04.344s,6,1.0737418239999998,58692.62153935185,0.0
316,0.0,1,8438.964842353016,-2.7939677238464355e-06,,20,,32,1744830464,1,,3C147,49d51m07.2s,5h42m36.072s,6,18.253611008,58690.3996412037,0.0
317,0.0,1,3151.464842353016,-2.7939677238464355e-06,,20,,32,536870912,1,,3C286,31d30m08.64s,13h31m10.44s,6,18.253611008,58623.07408564815,0.0
318,0.0,1,12351.28173828125,-0.3662109375,,20,,32,10240,1,,3C353,-0d00m03.6s,17h20m31.728s,6,0.0003495253333333333,58616.31592592593,0.0
319,0.0,1,3151.28173828125,-0.3662109375,,20,,32,4096,1,,3C286,31d30m08.64s,13h31m10.44s,6,0.0003495253333333333,58623.07408564815,0.0
320,0.0,1,3151.4634132385254,-0.00286102294921875,,20,,32,524288,1,,3C286,31d30m08.64s,13h31m10.44s,6,1.0737418239999998,58623.07408564815,0.0
321,0.0,1,3151.464842353016,-2.7939677238464355e-06,,20,,32,536870912,1,,3C286,30d30m33.12s,13h31m08.256s,6,18.253611008,58565.198067129626,0.0
322,0.0,1,3151.4634132385254,-0.00286102294921875,,20,,32,524288,1,,3C286,30d30m33.12s,13h31m08.256s,6,1.0737418239999998,58565.198067129626,0.0
323,0.0,1,3151.28173828125,-0.3662109375,0.0,10,0.0,8,4096,1,,3C286,30d30m33.12s,13h31m08.256s,6,0.0003495253333333333,58565.198067129626,0.0
324,0.0,1,8438.78173828125,-0.3662109375,,20,,32,13312,1,,3C286,30d33m25.56s,13h31m22.92s,6,0.0003495253333333333,58737.92905092592,0.0
325,0.0,1,8438.963413238525,-0.00286102294921875,,20,,32,1703936,1,,3C286,30d33m25.56s,13h31m22.92s,6,1.0737418239999998,58737.92905092592,0.0
326,0.0,1,11251.464842353016,-2.7939677238464355e-06,,20,,32,1342177280,1,,PSR_B2021+51,51d54m50.04s,20h22m49.824s,6,18.253611008,58779.259305555555,0.0
327,0.0,1,8438.964842353016,-2.7939677238464355e-06,,20,,32,1744830464,1,,3C48,34d09m12.24s,1h37m44.832s,6,18.253611008,58803.082453703704,0.0
328,0.0,1,3151.464842353016,-2.7939677238464355e-06,,20,,32,536870912,1,,3C286,31d29m44.16s,13h31m14.976s,6,18.253611008,58565.1997337963,0.0
329,0.0,1,3151.4634132385254,-0.00286102294921875,,20,,32,524288,1,,3C286,31d29m44.16s,13h31m14.976s,6,1.0737418239999998,58565.1997337963,0.0
330,0.0,1,11251.464842353016,-2.7939677238464355e-06,,20,,32,1342177280,1,,3C196,49d12m51.84s,8h13m33.936s,6,18.253611008,58734.74711805556,0.0
331,0.0,1,3151.28173828125,-0.3662109375,0.0,10,0.0,8,4096,1,,3C286,31d29m44.16s,13h31m14.976s,6,0.0003495253333333333,58565.1997337963,0.0
332,0.0,1,8438.964842353016,-2.7939677238464355e-06,,20,,32,1744830464,1,,3C48,34d07m52.68s,1h37m50.304s,6,18.253611008,58744.14623842593,0.0
333,0.0,1,11251.464842353016,-2.7939677238464355e-06,,20,,32,1342177280,1,,3C286,30d30m32.04s,13h31m08.208s,6,18.253611008,58616.32945601852,0.0
334,0.0,1,8438.78173828125,-0.3662109375,,20,,32,13312,1,,3C48,34d09m12.24s,1h37m44.832s,6,0.0003495253333333333,58803.082453703704,0.0
335,0.0,1,11251.464842353016,-2.7939677238464355e-06,,20,,32,1342177280,1,,3C196,48d13m02.64s,8h13m57.432s,6,18.253611008,58734.75744212963,0.0
336,0.0,1,3151.464842353016,-2.7939677238464355e-06,,20,,32,536870912,1,,PSR_B1133+16,15d51m06.84s,11h36m03.216s,6,18.253611008,58623.07774305555,0.0
337,0.0,1,3151.4634132385254,-0.00286102294921875,,20,,32,524288,1,,3C48,33d09m21.6s,1h37m36.984s,6,1.0737418239999998,58703.47752314815,0.0
338,0.0,1,11251.28173828125,-0.3662109375,,20,,32,10240,1,,3C196,49d12m51.84s,8h13m33.936s,6,0.0003495253333333333,58734.74711805556,0.0
339,0.0,1,8438.78173828125,-0.3662109375,,20,,32,13312,1,,PSR_B0950+08,7d55m35.76s,9h53m09.336s,6,0.0003495253333333333,58692.90372685185,0.0
340,0.0,1,8438.963413238525,-0.00286102294921875,,20,,32,1703936,1,,3C48,34d09m12.24s,1h37m44.832s,6,1.0737418239999998,58803.082453703704,0.0
341,0.0,1,11251.28173828125,-0.3662109375,,20,,32,10240,1,,3C196,48d13m04.08s,8h13m35.904s,6,0.0003495253333333333,58734.764710648145,0.0
342,0.0,1,11251.463413238525,-0.00286102294921875,,20,,32,1310720,1,,3C196,49d12m51.84s,8h13m33.936s,6,1.0737418239999998,58734.74711805556,0.0
343,0.0,1,3151.28173828125,-0.3662109375,0.0,10,0.0,8,4096,1,,3C48,33d09m21.6s,1h37m36.984s,6,0.0003495253333333333,58703.47752314815,0.0
344,0.0,1,8438.963413238525,-0.00286102294921875,,20,,32,1703936,1,,PSR_B0950+08,7d55m35.76s,9h53m09.336s,6,1.0737418239999998,58692.90372685185,0.0
345,0.0,1,8438.964842353016,-2.7939677238464355e-06,,20,,32,1744830464,1,,3C123,30d39m23.76s,4h36m58.824s,6,18.253611008,58692.623240740744,0.0
346,0.0,1,8438.963413238525,-0.00286102294921875,,20,,32,1703936,1,,3C123,30d39m23.76s,4h36m58.824s,6,1.0737418239999998,58692.623240740744,0.0
347,0.0,1,11251.28173828125,-0.3662109375,,20,,32,10240,1,,3C286,30d30m32.04s,13h31m08.208s,6,0.0003495253333333333,58616.32945601852,0.0
348,0.0,1,11251.463413238525,-0.00286102294921875,,20,,32,1310720,1,,3C286,30d30m32.04s,13h31m08.208s,6,1.0737418239999998,58616.32945601852,0.0
349,0.0,1,8438.78173828125,-0.3662109375,,20,,32,13312,1,,3C48,34d07m52.68s,1h37m50.304s,6,0.0003495253333333333,58744.14623842593,0.0
350,0.0,1,8438.78173828125,-0.3662109375,0.0,10,0.0,8,13312,1,,3C123,30d39m23.76s,4h36m58.824s,6,0.0003495253333333333,58692.623240740744,0.0
351,0.0,1,8438.963413238525,-0.00286102294921875,,20,,32,1703936,1,,3C48,34d07m52.68s,1h37m50.304s,6,1.0737418239999998,58744.14623842593,0.0
352,0.0,1,8438.964842353016,-2.7939677238464355e-06,,20,,32,1744830464,1,,3C286,31d30m33.12s,13h31m08.28s,6,18.253611008,58737.93219907407,0.0
353,0.0,1,8438.78173828125,-0.3662109375,0.0,10,0.0,8,13312,1,,PSR_B0950+08,7d55m35.76s,9h53m09.336s,6,0.0003495253333333333,58692.90372685185,0.0
354,0.0,1,3151.28173828125,-0.3662109375,,20,,32,4096,1,,PSR_B1133+16,15d51m06.84s,11h36m03.216s,6,0.0003495253333333333,58623.07774305555,0.0
355,0.0,1,3151.4634132385254,-0.00286102294921875,,20,,32,524288,1,,PSR_B1133+16,15d51m06.84s,11h36m03.216s,6,1.0737418239999998,58623.07774305555,0.0
356,0.0,1,3151.464842353016,-2.7939677238464355e-06,,20,,32,536870912,1,,3C48,34d09m08.64s,1h37m36.456s,6,18.253611008,58703.479212962964,0.0
357,0.0,1,3151.4634132385254,-0.00286102294921875,,20,,32,524288,1,,3C48,34d09m08.64s,1h37m36.456s,6,1.0737418239999998,58703.479212962964,0.0
358,0.0,1,3151.28173828125,-0.3662109375,0.0,10,0.0,8,4096,1,,3C48,34d09m08.64s,1h37m36.456s,6,0.0003495253333333333,58703.479212962964,0.0
359,0.0,1,11251.28173828125,-0.3662109375,,20,,32,10240,1,,3C196,48d13m02.64s,8h13m57.432s,6,0.0003495253333333333,58734.75744212963,0.0
360,0.0,1,11251.463413238525,-0.00286102294921875,,20,,32,1310720,1,,3C196,48d13m02.64s,8h13m57.432s,6,1.0737418239999998,58734.75744212963,0.0
361,0.0,1,11251.28173828125,-0.3662109375,,20,,32,10240,1,,PSR_B2021+51,51d54m50.04s,20h22m49.824s,6,0.0003495253333333333,58779.259305555555,0.0
362,0.0,1,3151.28173828125,-0.3662109375,0.0,10,0.0,8,4096,1,,PSR_B1133+16,15d51m06.84s,11h36m03.216s,6,0.0003495253333333333,58623.07774305555,0.0
363,0.0,1,11251.463413238525,-0.00286102294921875,,20,,32,1310720,1,,PSR_B2021+51,51d54m50.04s,20h22m49.824s,6,1.0737418239999998,58779.259305555555,0.0
364,0.0,1,11251.28173828125,-0.3662109375,0.0,10,0.0,8,10240,1,,PSR_B2021+51,51d54m50.04s,20h22m49.824s,6,0.0003495253333333333,58779.259305555555,0.0
365,0.0,1,8438.78173828125,-0.3662109375,,20,,32,13312,1,,3C286,31d30m33.12s,13h31m08.28s,6,0.0003495253333333333,58737.93219907407,0.0
366,0.0,1,8438.963413238525,-0.00286102294921875,,20,,32,1703936,1,,3C286,31d30m33.12s,13h31m08.28s,6,1.0737418239999998,58737.93219907407,0.0
367,0.0,1,11251.464842353016,-2.7939677238464355e-06,,20,,32,1342177280,1,,3C286,31d28m54.12s,13h30m58.944s,6,18.253611008,58616.33106481482,0.0
368,0.0,1,8438.964842353016,-2.7939677238464355e-06,,20,,32,1744830464,1,,3C48,34d09m35.28s,1h37m41.208s,6,18.253611008,58803.083958333336,0.0
369,0.0,1,11251.464842353016,-2.7939677238464355e-06,,20,,32,1342177280,1,,3C196,48d13m04.08s,8h13m35.904s,6,18.253611008,58734.764710648145,0.0
370,0.0,1,8438.964842353016,-2.7939677238464355e-06,,20,,32,1744830464,1,,3C123,29d40m14.88s,4h37m04.344s,6,18.253611008,58692.62693287037,0.0
371,0.0,1,8438.963413238525,-0.00286102294921875,,20,,32,1703936,1,,3C123,29d40m14.88s,4h37m04.344s,6,1.0737418239999998,58692.62693287037,0.0
372,0.0,1,3151.464842353016,-2.7939677238464355e-06,,20,,32,536870912,1,,PSR_B0355+54,54d13m15.24s,3h58m53.832s,6,18.253611008,58703.4831712963,0.0
373,0.0,1,8438.964842353016,-2.7939677238464355e-06,,20,,32,1744830464,1,,3C48,34d09m35.28s,1h37m41.256s,6,18.253611008,58744.14774305555,0.0
374,0.0,1,11251.28173828125,-0.3662109375,,20,,32,10240,1,,3C286,31d28m54.12s,13h30m58.944s,6,0.0003495253333333333,58616.33106481482,0.0
375,0.0,1,11251.463413238525,-0.00286102294921875,,20,,32,1310720,1,,3C286,31d28m54.12s,13h30m58.944s,6,1.0737418239999998,58616.33106481482,0.0
376,0.0,1,8438.964842353016,-2.7939677238464355e-06,,20,,32,1744830464,1,,3C147,50d50m47.04s,5h42m30.192s,6,18.253611008,58692.79377314815,0.0
377,0.0,1,8438.78173828125,-0.3662109375,0.0,10,0.0,8,13312,1,,3C123,29d40m14.88s,4h37m04.344s,6,0.0003495253333333333,58692.62693287037,0.0
378,0.0,1,8438.963413238525,-0.00286102294921875,,20,,32,1703936,1,,3C147,50d50m47.04s,5h42m30.192s,6,1.0737418239999998,58692.79377314815,0.0
379,0.0,1,11251.464842353016,-2.7939677238464355e-06,,20,,32,1342177280,1,,3C286,30d31m16.32s,13h31m09.24s,6,18.253611008,58783.70827546297,0.0
380,0.0,1,8438.78173828125,-0.3662109375,,20,,32,13312,1,,3C48,34d09m35.28s,1h37m41.208s,6,0.0003495253333333333,58803.083958333336,0.0
381,0.0,1,8438.78173828125,-0.3662109375,0.0,10,0.0,8,13312,1,,3C147,50d50m47.04s,5h42m30.192s,6,0.0003495253333333333,58692.79377314815,0.0
382,0.0,1,11251.464842353016,-2.7939677238464355e-06,,20,,32,1342177280,1,,3C196,49d13m02.28s,8h13m36.072s,6,18.253611008,58734.767847222225,0.0
383,0.0,1,8438.963413238525,-0.00286102294921875,,20,,32,1703936,1,,3C48,34d09m35.28s,1h37m41.208s,6,1.0737418239999998,58803.083958333336,0.0
384,0.0,1,3151.28173828125,-0.3662109375,,20,,32,4096,1,,PSR_B0355+54,54d13m15.24s,3h58m53.832s,6,0.0003495253333333333,58703.4831712963,0.0
385,0.0,1,11251.463413238525,-0.00286102294921875,,20,,32,1310720,1,,3C196,48d13m04.08s,8h13m35.904s,6,1.0737418239999998,58734.764710648145,0.0
386,0.0,1,11251.28173828125,-0.3662109375,0.0,10,0.0,8,10240,1,,3C286,30d31m16.32s,13h31m09.24s,6,0.0003495253333333333,58783.70827546297,0.0
387,0.0,1,3151.4634132385254,-0.00286102294921875,,20,,32,524288,1,,PSR_B0355+54,54d13m15.24s,3h58m53.832s,6,1.0737418239999998,58703.4831712963,0.0
388,0.0,1,12351.464842353016,-2.7939677238464355e-06,,20,,32,1342177280,1,,3C353,-0d58m51.6s,17h20m29.256s,6,18.253611008,58616.31501157407,0.0
389,0.0,1,8438.78173828125,-0.3662109375,,20,,32,13312,1,,3C48,34d09m35.28s,1h37m41.256s,6,0.0003495253333333333,58744.14774305555,0.0
390,0.0,1,3151.28173828125,-0.3662109375,0.0,10,0.0,8,4096,1,,PSR_B0355+54,54d13m15.24s,3h58m53.832s,6,0.0003495253333333333,58703.4831712963,0.0
391,0.0,1,8438.963413238525,-0.00286102294921875,,20,,32,1703936,1,,3C48,34d09m35.28s,1h37m41.256s,6,1.0737418239999998,58744.14774305555,0.0
392,0.0,1,8438.78173828125,-0.3662109375,,20,,32,13312,1,,PSR_B1133+16,15d51m03.96s,11h36m03.168s,6,0.0003495253333333333,58667.12092592593,0.0
393,0.0,1,12351.463413238525,-0.00286102294921875,,20,,32,1310720,1,,3C353,-0d58m51.6s,17h20m29.256s,6,1.0737418239999998,58616.31501157407,0.0
394,0.0,1,2063.964842353016,-2.7939677238464355e-06,,20,,32,536870912,1,,3C48,33d09m18s,1h37m40.104s,6,18.253611008,58844.04461805556,0.0
395,0.0,1,2063.9634132385254,-0.00286102294921875,,20,,32,524288,1,,3C48,33d09m18s,1h37m40.104s,6,1.0737418239999998,58844.04461805556,0.0
396,0.0,1,2063.78173828125,-0.3662109375,0.0,10,0.0,8,4096,1,,3C48,33d09m18s,1h37m40.104s,6,0.0003495253333333333,58844.04461805556,0.0
397,0.0,1,11251.464842353016,-2.7939677238464355e-06,,20,,32,1342177280,1,,3C286,31d29m02.04s,13h31m02.448s,6,18.253611008,58783.710011574076,0.0
398,0.0,1,11251.464842353016,-2.7939677238464355e-06,,20,,32,1342177280,1,,3C196,49d12m48.6s,8h13m31.608s,6,18.253611008,58734.76634259259,0.0
399,0.0,1,8438.964842353016,-2.7939677238464355e-06,,20,,32,1744830464,1,,3C123,30d39m25.2s,4h36m58.728s,6,18.253611008,58692.62862268519,0.0
400,0.0,1,11251.463413238525,-0.00286102294921875,,20,,32,1310720,1,,3C286,31d29m02.04s,13h31m02.448s,6,1.0737418239999998,58783.710011574076,0.0
401,0.0,1,8438.963413238525,-0.00286102294921875,,20,,32,1703936,1,,3C123,30d39m25.2s,4h36m58.728s,6,1.0737418239999998,58692.62862268519,0.0
402,0.0,1,2063.964842353016,-2.7939677238464355e-06,,20,,32,536870912,1,,3C48,34d08m34.08s,1h37m35.304s,6,18.253611008,58844.046423611115,0.0
403,0.0,1,2063.9634132385254,-0.00286102294921875,,20,,32,524288,1,,3C48,34d08m34.08s,1h37m35.304s,6,1.0737418239999998,58844.046423611115,0.0
404,0.0,1,2063.78173828125,-0.3662109375,0.0,10,0.0,8,4096,1,,3C48,34d08m34.08s,1h37m35.304s,6,0.0003495253333333333,58844.046423611115,0.0
405,0.0,1,11251.28173828125,-0.3662109375,0.0,10,0.0,8,10240,1,,3C286,31d29m02.04s,13h31m02.448s,6,0.0003495253333333333,58783.710011574076,0.0
406,0.0,1,8438.78173828125,-0.3662109375,0.0,10,0.0,8,13312,1,,3C123,30d39m25.2s,4h36m58.728s,6,0.0003495253333333333,58692.62862268519,0.0
407,0.0,1,8438.96484375,-2.7939677238464355e-06,,20,,32,1744830464,1,,3C286,31d29m47.76s,13h31m02.808s,6,18.253611008,58704.97474537037,0.0
408,0.0,1,11251.28173828125,-0.3662109375,,20,,32,10240,1,,3C196,49d12m48.6s,8h13m31.608s,6,0.0003495253333333333,58734.76634259259,0.0
409,0.0,1,11251.463413238525,-0.00286102294921875,,20,,32,1310720,1,,3C196,49d12m48.6s,8h13m31.608s,6,1.0737418239999998,58734.76634259259,0.0
410,0.0,1,2063.964842353016,-2.7939677238464355e-06,,20,,32,536870912,1,,3C48,34d09m34.92s,1h37m41.28s,6,18.253611008,58844.04791666667,0.0
411,0.0,1,2063.9634132385254,-0.00286102294921875,,20,,32,524288,1,,3C48,34d09m34.92s,1h37m41.28s,6,1.0737418239999998,58844.04791666667,0.0
412,0.0,1,2063.78173828125,-0.3662109375,0.0,10,0.0,8,4096,1,,3C48,34d09m34.92s,1h37m41.28s,6,0.0003495253333333333,58844.04791666667,0.0
413,0.0,1,8438.78173828125,-0.3662109375,,20,,32,13312,1,,3C147,49d51m07.2s,5h42m36.072s,6,0.0003495253333333333,58690.3996412037,0.0
414,0.0,1,8438.963413238525,-0.00286102294921875,,20,,32,1703936,1,,3C147,49d51m07.2s,5h42m36.072s,6,1.0737418239999998,58690.3996412037,0.0
415,0.0,1,11251.464842353016,-2.7939677238464355e-06,,20,,32,1342177280,1,,3C286,31d30m32.76s,13h31m08.256s,6,18.253611008,58783.71152777778,0.0
416,0.0,1,11251.463413238525,-0.00286102294921875,,20,,32,1310720,1,,3C286,31d30m32.76s,13h31m08.256s,6,1.0737418239999998,58783.71152777778,0.0
417,0.0,1,11251.28173828125,-0.3662109375,0.0,10,0.0,8,10240,1,,3C286,31d30m32.76s,13h31m08.256s,6,0.0003495253333333333,58783.71152777778,0.0
418,0.0,1,8438.964842353016,-2.7939677238464355e-06,,20,,32,1744830464,1,,3C295,53d11m52.08s,14h11m22.344s,6,18.253611008,58667.11771990741,0.0
419,0.0,1,2063.964842353016,-2.7939677238464355e-06,,20,,32,536870912,1,,PSR_B2021+51,51d54m48.96s,20h22m49.992s,6,18.253611008,58844.05155092593,0.0
420,0.0,1,11251.464842353016,-2.7939677238464355e-06,,20,,32,1342177280,1,,PSR_B0950+08,7d55m36.12s,9h53m09.216s,6,18.253611008,58616.06104166667,0.0
421,0.0,1,2063.78173828125,-0.3662109375,,20,,32,4096,1,,PSR_B2021+51,51d54m48.96s,20h22m49.992s,6,0.0003495253333333333,58844.05155092593,0.0
422,0.0,1,2063.9634132385254,-0.00286102294921875,,20,,32,524288,1,,PSR_B2021+51,51d54m48.96s,20h22m49.992s,6,1.0737418239999998,58844.05155092593,0.0
423,0.0,1,8438.964842353016,-2.7939677238464355e-06,,20,,32,1744830464,1,,3C147,50d50m35.16s,5h42m44.976s,6,18.253611008,58690.40125,0.0
424,0.0,1,2063.78173828125,-0.3662109375,0.0,10,0.0,8,4096,1,,PSR_B2021+51,51d54m48.96s,20h22m49.992s,6,0.0003495253333333333,58844.05155092593,0.0
425,0.0,1,8438.964842353016,-2.7939677238464355e-06,,20,,32,1744830464,1,,PSR_B0355+54,54d13m15.6s,3h58m53.568s,6,18.253611008,58803.08677083333,0.0
426,0.0,1,8438.964842353016,-2.7939677238464355e-06,,20,,32,1744830464,1,,PSR_B0355+54,54d13m13.44s,3h58m53.616s,6,18.253611008,58744.150289351855,0.0
427,0.0,1,8438.78173828125,-0.3662109375,,20,,32,13312,1,,3C147,50d50m35.16s,5h42m44.976s,6,0.0003495253333333333,58690.40125,0.0
428,0.0,1,8438.963413238525,-0.00286102294921875,,20,,32,1703936,1,,3C147,50d50m35.16s,5h42m44.976s,6,1.0737418239999998,58690.40125,0.0
429,0.0,1,8438.964842353016,-2.7939677238464355e-06,,20,,32,1744830464,1,,PSR_B2021+51,51d55m00.12s,20h23m03.264s,6,18.253611008,58667.1541087963,0.0
430,0.0,1,8438.963413238525,-0.00286102294921875,,20,,32,1703936,1,,PSR_B2021+51,51d54m57.24s,20h23m03.624s,6,1.0737418239999998,58737.94384259259,0.0
431,0.0,1,11251.28173828125,-0.3662109375,,20,,32,10240,1,,PSR_B0950+08,7d55m36.12s,9h53m09.216s,6,0.0003495253333333333,58616.06104166667,0.0
432,0.0,1,11251.463413238525,-0.00286102294921875,,20,,32,1310720,1,,PSR_B0950+08,7d55m36.12s,9h53m09.216s,6,1.0737418239999998,58616.06104166667,0.0
433,0.0,1,11251.464842353016,-2.7939677238464355e-06,,20,,32,1342177280,1,,3C48,33d09m34.92s,1h37m41.304s,6,18.253611008,58570.69516203704,0.0
434,0.0,1,11251.463413238525,-0.00286102294921875,,20,,32,1310720,1,,3C48,33d09m34.92s,1h37m41.304s,6,1.0737418239999998,58570.69516203704,0.0
435,0.0,1,11251.28173828125,-0.3662109375,0.0,10,0.0,8,10240,1,,3C48,33d09m34.92s,1h37m41.304s,6,0.0003495253333333333,58570.69516203704,0.0
436,0.0,1,8438.78173828125,-0.3662109375,0.0,10,0.0,8,13312,1,,PSR_B2021+51,51d54m57.24s,20h23m03.624s,6,0.0003495253333333333,58737.94384259259,0.0
437,0.0,1,11251.28173828125,-0.3662109375,0.0,10,0.0,8,10240,1,,PSR_B0950+08,7d55m36.12s,9h53m09.216s,6,0.0003495253333333333,58616.06104166667,0.0
438,0.0,1,8438.964842353016,-2.7939677238464355e-06,,20,,32,1744830464,1,,PSR_B0355+54,54d13m13.44s,3h58m53.784s,6,18.253611008,58692.63159722222,0.0
439,0.0,1,8438.78173828125,-0.3662109375,,20,,32,13312,1,,PSR_B0355+54,54d13m15.6s,3h58m53.568s,6,0.0003495253333333333,58803.08677083333,0.0
440,0.0,1,8438.963413238525,-0.00286102294921875,,20,,32,1703936,1,,PSR_B0355+54,54d13m15.6s,3h58m53.568s,6,1.0737418239999998,58803.08677083333,0.0
441,0.0,1,11251.464842353016,-2.7939677238464355e-06,,20,,32,1342177280,1,,PSR_B1133+16,15d51m03.96s,11h36m03.144s,6,18.253611008,58783.71438657407,0.0
442,0.0,1,8438.78173828125,-0.3662109375,,20,,32,13312,1,,PSR_B0355+54,54d13m13.44s,3h58m53.616s,6,0.0003495253333333333,58744.150289351855,0.0
443,0.0,1,8438.963413238525,-0.00286102294921875,,20,,32,1703936,1,,PSR_B0355+54,54d13m13.44s,3h58m53.616s,6,1.0737418239999998,58744.150289351855,0.0
444,0.0,1,8438.78173828125,-0.3662109375,0.0,10,0.0,8,13312,1,,PSR_B0355+54,54d13m15.6s,3h58m53.568s,6,0.0003495253333333333,58803.08677083333,0.0
445,0.0,1,11251.464842353016,-2.7939677238464355e-06,,20,,32,1342177280,1,,3C48,34d09m00s,1h37m46.872s,6,18.253611008,58570.696863425925,0.0
446,0.0,1,11251.463413238525,-0.00286102294921875,,20,,32,1310720,1,,3C48,34d09m00s,1h37m46.872s,6,1.0737418239999998,58570.696863425925,0.0
447,0.0,1,11251.28173828125,-0.3662109375,0.0,10,0.0,8,10240,1,,3C48,34d09m00s,1h37m46.872s,6,0.0003495253333333333,58570.696863425925,0.0
448,0.0,1,8438.78173828125,-0.3662109375,0.0,10,0.0,8,13312,1,,PSR_B0355+54,54d13m13.44s,3h58m53.616s,6,0.0003495253333333333,58744.150289351855,0.0
449,0.0,1,8438.964842353016,-2.7939677238464355e-06,,20,,32,1744830464,1,,3C286,31d29m39.12s,13h31m02.688s,6,18.253611008,58737.93069444445,0.0
450,0.0,1,8438.964842353016,-2.7939677238464355e-06,,20,,32,1744830464,1,,3C286,30d30m32.76s,13h31m08.232s,6,18.253611008,58702.12708333333,0.0
451,0.0,1,11251.28173828125,-0.3662109375,,20,,32,10240,1,,PSR_B1133+16,15d51m03.96s,11h36m03.144s,6,0.0003495253333333333,58783.71438657407,0.0
452,0.0,1,8438.78173828125,-0.3662109375,,20,,32,13312,1,,PSR_B0355+54,54d13m13.44s,3h58m53.784s,6,0.0003495253333333333,58692.63159722222,0.0
453,0.0,1,11251.463413238525,-0.00286102294921875,,20,,32,1310720,1,,PSR_B1133+16,15d51m03.96s,11h36m03.144s,6,1.0737418239999998,58783.71438657407,0.0
454,0.0,1,8438.963413238525,-0.00286102294921875,,20,,32,1703936,1,,PSR_B0355+54,54d13m13.44s,3h58m53.784s,6,1.0737418239999998,58692.63159722222,0.0
455,0.0,1,11251.464842353016,-2.7939677238464355e-06,,20,,32,-536870912,1,,PSR_B2021+51,51d54m50.04s,20h22m49.848s,6,18.253611008,58623.399409722224,0.0
456,0.0,1,8438.78173828125,-0.3662109375,,20,,32,13312,1,,3C286,31d29m39.12s,13h31m02.688s,6,0.0003495253333333333,58737.93069444445,0.0
457,0.0,1,8438.963413238525,-0.00286102294921875,,20,,32,1703936,1,,3C286,31d29m39.12s,13h31m02.688s,6,1.0737418239999998,58737.93069444445,0.0
458,0.0,1,8438.78173828125,-0.3662109375,,20,,32,13312,1,,3C286,30d30m32.76s,13h31m08.232s,6,0.0003495253333333333,58702.12708333333,0.0
459,0.0,1,8438.963413238525,-0.00286102294921875,,20,,32,1703936,1,,3C286,30d30m32.76s,13h31m08.232s,6,1.0737418239999998,58702.12708333333,0.0
460,0.0,1,11251.28173828125,-0.3662109375,0.0,10,0.0,8,10240,1,,PSR_B1133+16,15d51m03.96s,11h36m03.144s,6,0.0003495253333333333,58783.71438657407,0.0
461,0.0,1,11251.464842353016,-2.7939677238464355e-06,,20,,32,1342177280,1,,3C48,33d09m43.2s,1h37m40.872s,6,18.253611008,58570.73368055555,0.0
462,0.0,1,8438.964842353016,-2.7939677238464355e-06,,20,,32,1744830464,1,,3C123,29d41m44.52s,4h37m04.104s,6,18.253611008,58803.32928240741,0.0
463,0.0,1,11251.463413238525,-0.00286102294921875,,20,,32,1310720,1,,3C48,33d09m43.2s,1h37m40.872s,6,1.0737418239999998,58570.73368055555,0.0
464,0.0,1,8438.78173828125,-0.3662109375,0.0,10,0.0,8,13312,1,,PSR_B0355+54,54d13m13.44s,3h58m53.784s,6,0.0003495253333333333,58692.63159722222,0.0
465,0.0,1,8438.96484375,-2.7939677238464355e-06,,20,,32,1744830464,1,,3C353,-0d53m35.16s,17h20m19.032s,6,18.253611007999982,58921.356412037036,0.0
466,0.0,1,3151.28173828125,-0.3662109375,,20,,32,4096,1,,3C286,30d29m40.56s,13h31m17.448s,6,0.0003495253333333333,58845.45746527778,0.0
467,0.0,1,3151.4634132385254,-0.00286102294921875,,20,,32,524288,1,,3C286,30d29m40.56s,13h31m17.448s,6,1.0737418239999998,58845.45746527778,0.0
468,0.0,1,8438.78173828125,-0.3662109375,,20,,32,13312,1,,3C123,29d41m44.52s,4h37m04.104s,6,0.0003495253333333333,58803.32928240741,0.0
469,0.0,1,8438.963413238525,-0.00286102294921875,,20,,32,1703936,1,,3C123,29d41m44.52s,4h37m04.104s,6,1.0737418239999998,58803.32928240741,0.0
470,0.0,1,8438.964842353016,-2.7939677238464355e-06,,20,,32,1744830464,1,,PSR_B0355+54,54d13m09.12s,3h58m53.712s,6,18.253611008,58690.40353009259,0.0
471,0.0,1,3151.464842353016,-2.7939677238464355e-06,,20,,32,536870912,1,,3C286,31d29m36.24s,13h31m15.12s,6,18.253611008,58845.45915509259,0.0
472,0.0,1,11251.464842353016,-2.7939677238464355e-06,,20,,32,1342177280,1,,3C353,-0d58m43.68s,17h20m32.376s,6,18.253611008,58784.01909722222,0.0
473,0.0,1,11251.463413238525,-0.00286102294921875,,20,,32,1310720,1,,3C353,-0d58m43.68s,17h20m32.376s,6,1.0737418239999998,58784.01909722222,0.0
474,0.0,1,8438.96484375,-0.3662109375,,20,,32,13312,1,,3C353,-0d53m35.16s,17h20m19.032s,6,0.000349525333333333,58921.356412037036,0.0
475,0.0,1,8438.96484375,-0.00286102294921875,,20,,32,1703936,1,,3C353,-0d53m35.16s,17h20m19.032s,6,1.073741823999999,58921.356412037036,0.0
476,0.0,1,3151.28173828125,-0.3662109375,,20,,32,4096,1,,3C286,31d29m36.24s,13h31m15.12s,6,0.0003495253333333333,58845.45915509259,0.0
477,0.0,1,3151.4634132385254,-0.00286102294921875,,20,,32,524288,1,,3C286,31d29m36.24s,13h31m15.12s,6,1.0737418239999998,58845.45915509259,0.0
478,0.0,1,11251.28173828125,-0.3662109375,0.0,10,0.0,8,10240,1,,3C353,-0d58m43.68s,17h20m32.376s,6,0.0003495253333333333,58784.01909722222,0.0
479,0.0,1,8438.964842353016,-2.7939677238464355e-06,,20,,32,1744830464,1,,3C286,31d29m43.08s,13h31m02.016s,6,18.253611008,58702.12868055556,0.0
480,0.0,1,8438.964842353016,-2.7939677238464355e-06,,20,,32,1744830464,1,,3C123,29d40m23.88s,4h37m06.552s,6,18.253611008,58692.7559375,0.0
481,0.0,1,8438.963413238525,-0.00286102294921875,,20,,32,1703936,1,,3C123,29d40m23.88s,4h37m06.552s,6,1.0737418239999998,58692.7559375,0.0
482,0.0,1,3151.464842353016,-2.7939677238464355e-06,,20,,32,536870912,1,,3C286,31d30m33.12s,13h31m08.28s,6,18.253611008,58845.460648148146,0.0
483,0.0,1,8438.78173828125,-0.3662109375,0.0,10,0.0,8,13312,1,,3C123,29d40m23.88s,4h37m06.552s,6,0.0003495253333333333,58692.7559375,0.0
484,0.0,1,3151.28173828125,-0.3662109375,,20,,32,4096,1,,3C286,31d30m33.12s,13h31m08.28s,6,0.0003495253333333333,58845.460648148146,0.0
485,0.0,1,3151.4634132385254,-0.00286102294921875,,20,,32,524288,1,,3C286,31d30m33.12s,13h31m08.28s,6,1.0737418239999998,58845.460648148146,0.0
486,0.0,1,8438.78173828125,-0.3662109375,,20,,32,13312,1,,3C286,31d29m43.08s,13h31m02.016s,6,0.0003495253333333333,58702.12868055556,0.0
487,0.0,1,8438.963413238525,-0.00286102294921875,,20,,32,1703936,1,,3C286,31d29m43.08s,13h31m02.016s,6,1.0737418239999998,58702.12868055556,0.0
488,0.0,1,8438.964842353016,-2.7939677238464355e-06,,20,,32,1744830464,1,,3C123,30d38m44.88s,4h36m54.936s,6,18.253611008,58803.33096064815,0.0
489,0.0,1,11251.464842353016,-2.7939677238464355e-06,,20,,32,1342177280,1,,3C353,-0d00m09.36s,17h20m26.136s,6,18.253611008,58784.020682870374,0.0
490,0.0,1,11251.463413238525,-0.00286102294921875,,20,,32,1310720,1,,3C353,-0d00m09.36s,17h20m26.136s,6,1.0737418239999998,58784.020682870374,0.0
491,0.0,1,11251.28173828125,-0.3662109375,0.0,10,0.0,8,10240,1,,3C353,-0d00m09.36s,17h20m26.136s,6,0.0003495253333333333,58784.020682870374,0.0
492,0.0,1,8438.78173828125,-0.3662109375,,20,,32,13312,1,,PSR_B0355+54,54d13m09.12s,3h58m53.712s,6,0.0003495253333333333,58690.40353009259,0.0
493,0.0,1,8438.963413238525,-0.00286102294921875,,20,,32,1703936,1,,PSR_B0355+54,54d13m09.12s,3h58m53.712s,6,1.0737418239999998,58690.40353009259,0.0
494,0.0,1,8438.96484375,-2.7939677238464355e-06,,20,,32,1744830464,1,,3C353,-0d00m57.96s,17h20m28.968s,6,18.253611007999982,58921.35799768518,0.0
495,0.0,1,8438.78173828125,-0.3662109375,,20,,32,13312,1,,3C123,30d38m44.88s,4h36m54.936s,6,0.0003495253333333333,58803.33096064815,0.0
496,0.0,1,8438.963413238525,-0.00286102294921875,,20,,32,1703936,1,,3C123,30d38m44.88s,4h36m54.936s,6,1.0737418239999998,58803.33096064815,0.0
497,0.0,1,8438.78173828125,-0.3662109375,0.0,10,0.0,8,13312,1,,PSR_B0355+54,54d13m09.12s,3h58m53.712s,6,0.0003495253333333333,58690.40353009259,0.0
498,0.0,1,3151.464842353016,-2.7939677238464355e-06,,20,,32,536870912,1,,PSR_B1133+16,15d51m07.2s,11h36m03.36s,6,18.253611008,58845.46428240741,0.0
499,0.0,1,8438.964842353016,-2.7939677238464355e-06,,20,,32,1744830464,1,,3C123,30d39m19.08s,4h36m57.96s,6,18.253611008,58692.7575462963,0.0
500,0.0,1,11251.28173828125,-0.3662109375,,20,,32,28672,1,,PSR_B2021+51,51d54m50.04s,20h22m49.848s,6,0.0003495253333333333,58623.399409722224,0.0
501,0.0,1,8438.963413238525,-0.00286102294921875,,20,,32,1703936,1,,3C123,30d39m19.08s,4h36m57.96s,6,1.0737418239999998,58692.7575462963,0.0
502,0.0,1,8438.96484375,-0.3662109375,,20,,32,13312,1,,3C353,-0d00m57.96s,17h20m28.968s,6,0.000349525333333333,58921.35799768518,0.0
503,0.0,1,8438.96484375,-0.00286102294921875,,20,,32,1703936,1,,3C353,-0d00m57.96s,17h20m28.968s,6,1.073741823999999,58921.35799768518,0.0
504,0.0,1,11251.463413238525,-0.00286102294921875,,20,,32,3670016,1,,PSR_B2021+51,51d54m50.04s,20h22m49.848s,6,1.0737418239999998,58623.399409722224,0.0
505,0.0,1,8438.78173828125,-0.3662109375,0.0,10,0.0,8,13312,1,,3C123,30d39m19.08s,4h36m57.96s,6,0.0003495253333333333,58692.7575462963,0.0
506,0.0,1,8438.964842353016,-2.7939677238464355e-06,,20,,32,1744830464,1,,3C295,52d12m09.36s,14h11m20.592s,6,18.253611008,58702.17592592593,0.0
507,0.0,1,11251.464842353016,-2.7939677238464355e-06,,20,,32,1342177280,1,,3C353,0d01m07.68s,17h20m29.496s,6,18.253611008,58784.0221875,0.0
508,0.0,1,3151.28173828125,-0.3662109375,,20,,32,4096,1,,PSR_B1133+16,15d51m07.2s,11h36m03.36s,6,0.0003495253333333333,58845.46428240741,0.0
509,0.0,1,11251.463413238525,-0.00286102294921875,,20,,32,1310720,1,,3C353,0d01m07.68s,17h20m29.496s,6,1.0737418239999998,58784.0221875,0.0
510,0.0,1,3151.4634132385254,-0.00286102294921875,,20,,32,524288,1,,PSR_B1133+16,15d51m07.2s,11h36m03.36s,6,1.0737418239999998,58845.46428240741,0.0
511,0.0,1,11251.28173828125,-0.3662109375,0.0,10,0.0,8,10240,1,,3C353,0d01m07.68s,17h20m29.496s,6,0.0003495253333333333,58784.0221875,0.0
512,0.0,1,3151.28173828125,-0.3662109375,0.0,10,0.0,8,4096,1,,PSR_B1133+16,15d51m07.2s,11h36m03.36s,6,0.0003495253333333333,58845.46428240741,0.0
513,0.0,1,8438.78173828125,-0.3662109375,,20,,32,13312,1,,3C295,52d12m09.36s,14h11m20.592s,6,0.0003495253333333333,58702.17592592593,0.0
514,0.0,1,8438.963413238525,-0.00286102294921875,,20,,32,1703936,1,,3C295,52d12m09.36s,14h11m20.592s,6,1.0737418239999998,58702.17592592593,0.0
515,0.0,1,3151.464842353016,-2.7939677238464355e-06,,20,,32,536870912,1,,3C353,-0d58m53.76s,17h20m29.616s,6,18.253611008,58845.59866898148,0.0
516,0.0,1,11251.28173828125,-0.3662109375,0.0,10,0.0,8,28672,1,,PSR_B2021+51,51d54m50.04s,20h22m49.848s,6,0.0003495253333333333,58623.399409722224,0.0
517,0.0,1,8438.964842353016,-2.7939677238464355e-06,,20,,32,1744830464,1,,3C123,30d40m14.88s,4h37m04.344s,6,18.253611008,58803.33246527778,0.0
518,0.0,1,3151.28173828125,-0.3662109375,,20,,32,4096,1,,3C353,-0d58m53.76s,17h20m29.616s,6,0.0003495253333333333,58845.59866898148,0.0
519,0.0,1,3151.4634132385254,-0.00286102294921875,,20,,32,524288,1,,3C353,-0d58m53.76s,17h20m29.616s,6,1.0737418239999998,58845.59866898148,0.0
520,0.0,1,8438.964842353016,-2.7939677238464355e-06,,20,,32,1744830464,1,,3C123,29d40m14.16s,4h37m04.344s,6,18.253611008,58690.720289351855,0.0
521,0.0,1,8438.96484375,-2.7939677238464355e-06,,20,,32,1744830464,1,,3C353,0d01m08.4s,17h20m29.496s,6,18.253611007999982,58921.35949074074,0.0
522,0.0,1,3151.464842353016,-2.7939677238464355e-06,,20,,32,536870912,1,,3C353,-0d00m15.12s,17h20m26.568s,6,18.253611008,58845.60025462963,0.0
523,0.0,1,8438.78173828125,-0.3662109375,,20,,32,13312,1,,3C123,30d40m14.88s,4h37m04.344s,6,0.0003495253333333333,58803.33246527778,0.0
524,0.0,1,8438.963413238525,-0.00286102294921875,,20,,32,1703936,1,,3C123,30d40m14.88s,4h37m04.344s,6,1.0737418239999998,58803.33246527778,0.0
525,0.0,1,3151.28173828125,-0.3662109375,,20,,32,4096,1,,3C353,-0d00m15.12s,17h20m26.568s,6,0.0003495253333333333,58845.60025462963,0.0
526,0.0,1,3151.4634132385254,-0.00286102294921875,,20,,32,524288,1,,3C353,-0d00m15.12s,17h20m26.568s,6,1.0737418239999998,58845.60025462963,0.0
527,0.0,1,8438.78173828125,-0.3662109375,,20,,32,13312,1,,3C123,29d40m14.16s,4h37m04.344s,6,0.0003495253333333333,58690.720289351855,0.0
528,0.0,1,8438.963413238525,-0.00286102294921875,,20,,32,1703936,1,,3C123,29d40m14.16s,4h37m04.344s,6,1.0737418239999998,58690.720289351855,0.0
529,0.0,1,11251.464842353016,-2.7939677238464355e-06,,20,,32,1342177280,1,,3C286,30d31m50.16s,13h31m18.192s,6,18.253611008,58623.22162037037,0.0
530,0.0,1,8438.96484375,-0.3662109375,,20,,32,13312,1,,3C353,0d01m08.4s,17h20m29.496s,6,0.000349525333333333,58921.35949074074,0.0
531,0.0,1,8438.96484375,-0.00286102294921875,,20,,32,1703936,1,,3C353,0d01m08.4s,17h20m29.496s,6,1.073741823999999,58921.35949074074,0.0
532,0.0,1,8438.964842353016,-2.7939677238464355e-06,,20,,32,1744830464,1,,3C295,52d12m09s,14h11m20.568s,6,18.253611008,58702.18717592592,0.0
533,0.0,1,3151.28173828125,-0.3662109375,,20,,32,4096,1,,3C353,0d01m08.04s,17h20m29.496s,6,0.0003495253333333333,58845.601747685185,0.0
534,0.0,1,3151.4634132385254,-0.00286102294921875,,20,,32,524288,1,,3C353,0d01m08.04s,17h20m29.496s,6,1.0737418239999998,58845.601747685185,0.0
535,0.0,1,11251.463413238525,-0.00286102294921875,,20,,32,1310720,1,,3C286,30d31m50.16s,13h31m18.192s,6,1.0737418239999998,58623.22162037037,0.0
536,0.0,1,8438.964842353016,-2.7939677238464355e-06,,20,,32,1744830464,1,,3C295,52d12m21.6s,14h11m20.16s,6,18.253611008,58667.11605324074,0.0
537,0.0,1,11251.464842353016,-2.7939677238464355e-06,,20,,32,1342177280,1,,PSR_B1929+10,10d59m32.28s,19h32m13.848s,6,18.253611008,58784.025092592594,0.0
538,0.0,1,8438.964842353016,-2.7939677238464355e-06,,20,,32,1744830464,1,,3C123,30d39m26.64s,4h36m57.912s,6,18.253611008,58690.72193287037,0.0
539,0.0,1,11251.464842353016,-2.7939677238464355e-06,,20,,32,1342177280,1,,3C286,31d29m27.24s,13h31m00.312s,6,18.253611008,58623.223275462966,0.0
540,0.0,1,8438.78173828125,-0.3662109375,,20,,32,13312,1,,3C295,52d12m21.6s,14h11m20.16s,6,0.0003495253333333333,58667.11605324074,0.0
541,0.0,1,8438.963413238525,-0.00286102294921875,,20,,32,1703936,1,,3C295,52d12m21.6s,14h11m20.16s,6,1.0737418239999998,58667.11605324074,0.0
542,0.0,1,8438.964842353016,-2.7939677238464355e-06,,20,,32,1744830464,1,,PSR_B0355+54,54d13m14.16s,3h58m53.52s,6,18.253611008,58692.75990740741,0.0
543,0.0,1,8438.78173828125,-0.3662109375,,20,,32,13312,1,,3C123,30d39m26.64s,4h36m57.912s,6,0.0003495253333333333,58690.72193287037,0.0
544,0.0,1,8438.963413238525,-0.00286102294921875,,20,,32,1703936,1,,3C123,30d39m26.64s,4h36m57.912s,6,1.0737418239999998,58690.72193287037,0.0
545,0.0,1,11251.28173828125,-0.3662109375,,20,,32,10240,1,,3C286,31d29m27.24s,13h31m00.312s,6,0.0003495253333333333,58623.223275462966,0.0
546,0.0,1,11251.463413238525,-0.00286102294921875,,20,,32,1310720,1,,3C286,31d29m27.24s,13h31m00.312s,6,1.0737418239999998,58623.223275462966,0.0
547,0.0,1,11251.28173828125,-0.3662109375,,20,,32,10240,1,,PSR_B1929+10,10d59m32.28s,19h32m13.848s,6,0.0003495253333333333,58784.025092592594,0.0
548,0.0,1,11251.463413238525,-0.00286102294921875,,20,,32,1310720,1,,PSR_B1929+10,10d59m32.28s,19h32m13.848s,6,1.0737418239999998,58784.025092592594,0.0
549,0.0,1,11251.28173828125,-0.3662109375,0.0,10,0.0,8,10240,1,,PSR_B1929+10,10d59m32.28s,19h32m13.848s,6,0.0003495253333333333,58784.025092592594,0.0
550,0.0,1,8438.78173828125,-0.3662109375,,20,,32,13312,1,,PSR_B0355+54,54d13m14.16s,3h58m53.52s,6,0.0003495253333333333,58692.75990740741,0.0
551,0.0,1,8438.96484375,-2.7939677238464355e-06,,20,,32,1744830464,1,,3C286,30d33m09.36s,13h31m26.136s,6,18.253611008,58704.97305555556,0.0
552,0.0,1,8438.963413238525,-0.00286102294921875,,20,,32,1703936,1,,PSR_B0355+54,54d13m14.16s,3h58m53.52s,6,1.0737418239999998,58692.75990740741,0.0
553,0.0,1,8438.78173828125,-0.3662109375,,20,,32,13312,1,,3C295,53d11m52.08s,14h11m22.344s,6,0.0003495253333333333,58667.11771990741,0.0
554,0.0,1,8438.963413238525,-0.00286102294921875,,20,,32,1703936,1,,3C295,53d11m52.08s,14h11m22.344s,6,1.0737418239999998,58667.11771990741,0.0
555,0.0,1,8438.78173828125,-0.3662109375,0.0,10,0.0,8,13312,1,,PSR_B0355+54,54d13m14.16s,3h58m53.52s,6,0.0003495253333333333,58692.75990740741,0.0
556,0.0,1,8438.96484375,-2.7939677238464355e-06,,20,,32,1744830464,1,,PSR_B1929+10,10d59m32.64s,19h32m13.848s,6,18.253611007999982,58921.36201388889,0.0
557,0.0,1,8438.96484375,-0.3662109375,,20,,32,13312,1,,3C286,30d33m09.36s,13h31m26.136s,6,0.0003495253333333333,58704.97305555556,0.0
558,0.0,1,8438.96484375,-0.00286102294921875,,20,,32,1703936,1,,3C286,30d33m09.36s,13h31m26.136s,6,1.0737418239999998,58704.97305555556,0.0
559,0.0,1,11251.464842353016,-2.7939677238464355e-06,,20,,32,1342177280,1,,PSR_B1133+16,15d51m04.68s,11h36m03.24s,6,18.253611008,58623.226122685184,0.0
560,0.0,1,8438.964842353016,-2.7939677238464355e-06,,20,,32,1744830464,1,,3C147,49d51m04.68s,5h42m36.048s,6,18.253611008,58692.773981481485,0.0
561,0.0,1,8438.963413238525,-0.00286102294921875,,20,,32,1703936,1,,3C147,49d51m04.68s,5h42m36.048s,6,1.0737418239999998,58692.773981481485,0.0
562,0.0,1,8438.96484375,-0.3662109375,,20,,32,13312,1,,PSR_B1929+10,10d59m32.64s,19h32m13.848s,6,0.000349525333333333,58921.36201388889,0.0
563,0.0,1,8438.96484375,-0.00286102294921875,,20,,32,1703936,1,,PSR_B1929+10,10d59m32.64s,19h32m13.848s,6,1.073741823999999,58921.36201388889,0.0
564,0.0,1,8438.96484375,-0.3662109375,0.0,10,0.0,8,13312,1,,PSR_B1929+10,10d59m32.64s,19h32m13.848s,6,0.000349525333333333,58921.36201388889,0.0
565,0.0,1,8438.96484375,-0.3662109375,,20,,32,13312,1,,3C286,31d29m47.76s,13h31m02.808s,6,0.0003495253333333333,58704.97474537037,0.0
566,0.0,1,8438.96484375,-0.00286102294921875,,20,,32,1703936,1,,3C286,31d29m47.76s,13h31m02.808s,6,1.0737418239999998,58704.97474537037,0.0
567,0.0,1,11251.28173828125,-0.3662109375,,20,,32,10240,1,,PSR_B1133+16,15d51m04.68s,11h36m03.24s,6,0.0003495253333333333,58623.226122685184,0.0
568,0.0,1,11251.463413238525,-0.00286102294921875,,20,,32,1310720,1,,PSR_B1133+16,15d51m04.68s,11h36m03.24s,6,1.0737418239999998,58623.226122685184,0.0
569,0.0,1,11251.28173828125,-0.3662109375,0.0,10,0.0,8,10240,1,,PSR_B1133+16,15d51m04.68s,11h36m03.24s,6,0.0003495253333333333,58623.226122685184,0.0
570,0.0,1,8438.96484375,-2.7939677238464355e-06,,20,,32,1744830464,1,,DIAG_3C353,-0d58m51.6s,17h20m29.4s,6,18.253611007999982,58921.69461805555,0.0
571,0.0,1,8438.96484375,-0.3662109375,,20,,32,13312,1,,DIAG_3C353,-0d58m51.6s,17h20m29.4s,6,0.000349525333333333,58921.69461805555,0.0
572,0.0,1,8438.96484375,-0.00286102294921875,,20,,32,1703936,1,,DIAG_3C353,-0d58m51.6s,17h20m29.4s,6,1.073741823999999,58921.69461805555,0.0
573,0.0,1,8438.96484375,-2.7939677238464355e-06,,20,,32,1744830464,1,,DIAG_3C353,0d01m31.08s,17h20m28.584s,6,18.253611007999982,58921.69550925926,0.0
574,0.0,1,8438.96484375,-0.3662109375,,20,,32,13312,1,,DIAG_3C353,0d01m31.08s,17h20m28.584s,6,0.000349525333333333,58921.69550925926,0.0
575,0.0,1,8438.96484375,-0.00286102294921875,,20,,32,1703936,1,,DIAG_3C353,0d01m31.08s,17h20m28.584s,6,1.073741823999999,58921.69550925926,0.0
576,0.0,1,8438.96484375,-2.7939677238464355e-06,,20,,32,1744830464,1,,3C286,31d30m32.04s,13h31m08.28s,6,18.253611008,58704.97625,0.0
577,0.0,1,8438.964842353016,-2.7939677238464355e-06,,20,,32,1744830464,1,,PSR_B1133+16,15d51m03.96s,11h36m03.168s,6,18.253611008,58667.12092592593,0.0
578,0.0,1,11251.464842353016,-2.7939677238464355e-06,,20,,32,1342177280,1,,3C295,52d12m25.2s,14h11m21.672s,6,18.253611008,58623.372141203705,0.0
579,0.0,1,8438.96484375,-0.3662109375,,20,,32,13312,1,,3C286,31d30m32.04s,13h31m08.28s,6,0.0003495253333333333,58704.97625,0.0
580,0.0,1,8438.96484375,-0.00286102294921875,,20,,32,1703936,1,,3C286,31d30m32.04s,13h31m08.28s,6,1.0737418239999998,58704.97625,0.0
581,0.0,1,11251.28173828125,-0.3662109375,,20,,32,10240,1,,3C295,52d12m25.2s,14h11m21.672s,6,0.0003495253333333333,58623.372141203705,0.0
582,0.0,1,11251.463413238525,-0.00286102294921875,,20,,32,1310720,1,,3C295,52d12m25.2s,14h11m21.672s,6,1.0737418239999998,58623.372141203705,0.0
583,0.0,1,8438.96484375,-2.7939677238464355e-06,,20,,32,1744830464,1,,3C147,49d51m51.84s,5h42m33.096s,6,18.253611007999982,58921.72145833333,0.0
584,0.0,1,8438.963413238525,-0.00286102294921875,,20,,32,1703936,1,,PSR_B1133+16,15d51m03.96s,11h36m03.168s,6,1.0737418239999998,58667.12092592593,0.0
585,0.0,1,11251.464842353016,-2.7939677238464355e-06,,20,,32,1342177280,1,,3C295,53d11m52.8s,14h11m17.424s,6,18.253611008,58623.37375,0.0
586,0.0,1,8438.78173828125,-0.3662109375,0.0,10,0.0,8,13312,1,,PSR_B1133+16,15d51m03.96s,11h36m03.168s,6,0.0003495253333333333,58667.12092592593,0.0
587,0.0,1,11251.28173828125,-0.3662109375,,20,,32,10240,1,,3C295,53d11m52.8s,14h11m17.424s,6,0.0003495253333333333,58623.37375,0.0
588,0.0,1,11251.463413238525,-0.00286102294921875,,20,,32,1310720,1,,3C295,53d11m52.8s,14h11m17.424s,6,1.0737418239999998,58623.37375,0.0
589,0.0,1,11251.464842353016,-2.7939677238464355e-06,,20,,32,1342177280,1,,3C295,52d12m25.92s,14h11m21.768s,6,18.253611008,58623.393009259256,0.0
590,0.0,1,8438.964842353016,-2.7939677238464355e-06,,20,,32,1744830464,1,,3C286,30d30m33.12s,13h31m08.208s,6,18.253611008,58667.14181712963,0.0
591,0.0,1,11251.28173828125,-0.3662109375,,20,,32,10240,1,,3C295,52d12m25.92s,14h11m21.768s,6,0.0003495253333333333,58623.393009259256,0.0
592,0.0,1,11251.463413238525,-0.00286102294921875,,20,,32,1310720,1,,3C295,52d12m25.92s,14h11m21.768s,6,1.0737418239999998,58623.393009259256,0.0
593,0.0,1,8438.78173828125,-0.3662109375,,20,,32,13312,1,,3C286,30d30m33.12s,13h31m08.208s,6,0.0003495253333333333,58667.14181712963,0.0
594,0.0,1,8438.963413238525,-0.00286102294921875,,20,,32,1703936,1,,3C286,30d30m33.12s,13h31m08.208s,6,1.0737418239999998,58667.14181712963,0.0
595,0.0,1,8438.96484375,-2.7939677238464355e-06,,20,,32,1744830464,1,,PSR_B1133+16,15d51m04.68s,11h36m03.144s,6,18.253611008,58704.97912037037,0.0
596,0.0,1,11251.464842353016,-2.7939677238464355e-06,,20,,32,1342177280,1,,3C295,53d10m38.28s,14h11m07.728s,6,18.253611008,58623.39461805556,0.0
597,0.0,1,11251.28173828125,-0.3662109375,,20,,32,10240,1,,3C295,53d10m38.28s,14h11m07.728s,6,0.0003495253333333333,58623.39461805556,0.0
598,0.0,1,11251.463413238525,-0.00286102294921875,,20,,32,1310720,1,,3C295,53d10m38.28s,14h11m07.728s,6,1.0737418239999998,58623.39461805556,0.0
599,0.0,1,8438.964842353016,-2.7939677238464355e-06,,20,,32,1744830464,1,,3C286,31d29m33.72s,13h31m00.648s,6,18.253611008,58667.1434375,0.0
600,0.0,1,8438.96484375,-0.3662109375,,20,,32,13312,1,,PSR_B1133+16,15d51m04.68s,11h36m03.144s,6,0.0003495253333333333,58704.97912037037,0.0
601,0.0,1,8438.96484375,-0.00286102294921875,,20,,32,1703936,1,,PSR_B1133+16,15d51m04.68s,11h36m03.144s,6,1.0737418239999998,58704.97912037037,0.0
602,0.0,1,8438.78173828125,-0.3662109375,,20,,32,13312,1,,3C286,31d29m33.72s,13h31m00.648s,6,0.0003495253333333333,58667.1434375,0.0
603,0.0,1,8438.963413238525,-0.00286102294921875,,20,,32,1703936,1,,3C286,31d29m33.72s,13h31m00.648s,6,1.0737418239999998,58667.1434375,0.0
604,0.0,1,8438.96484375,-0.3662109375,0.0,10,0.0,8,13312,1,,PSR_B1133+16,15d51m04.68s,11h36m03.144s,6,0.0003495253333333333,58704.97912037037,0.0
605,0.0,1,8438.964842353016,-2.7939677238464355e-06,,20,,32,1744830464,1,,3C295,52d14m00.24s,14h11m41.16s,6,18.253611008,58642.02233796296,0.0
606,0.0,1,8438.78173828125,-0.3662109375,,20,,32,13312,1,,3C295,52d14m00.24s,14h11m41.16s,6,0.0003495253333333333,58642.02233796296,0.0
607,0.0,1,8438.78173828125,-0.3662109375,,20,,32,13312,1,,3C286,30d30m32.76s,13h31m08.208s,6,0.0003495253333333333,58733.95547453704,0.0
608,0.0,1,8438.963413238525,-0.00286102294921875,,20,,32,1703936,1,,3C286,30d30m32.76s,13h31m08.208s,6,1.0737418239999998,58733.95547453704,0.0
609,0.0,1,8438.78173828125,-0.3662109375,,20,,32,13312,1,,PSR_B2021+51,51d55m00.12s,20h23m03.264s,6,0.0003495253333333333,58667.1541087963,0.0
610,0.0,1,8438.963413238525,-0.00286102294921875,,20,,32,1703936,1,,PSR_B2021+51,51d55m00.12s,20h23m03.264s,6,1.0737418239999998,58667.1541087963,0.0
